no,token,pos,actual_label,predicted_label,sent_no,token_no,sent
1,Ἡροδότου,Ne,0,place,0,0,Ἡροδότου Ἁλικαρνησσέος ἱστορίης ἀπόδεξις ἥδε ὡς μήτε τὰ γενόμενα ἐξ ἀνθρώπων τῷ χρόνῳ ἐξίτηλα γένηται μήτε ἔργα μεγάλα τε καὶ θωμαστά τὰ μὲν Ἕλλησι τὰ δὲ βαρβάροισι ἀποδεχθέντα ἀκλεᾶ γένηται τά τε ἄλλα καὶ δι’ ἣν αἰτίην ἐπολέμησαν ἀλλήλοισι
2,Πριάμου,Ne,0,place,12,30,σφέας μὲν δὴ τοὺς ἐκ τῆς Ἀσίης λέγουσι Πέρσαι ἁρπαζομενέων τῶν γυναικῶν λόγον οὐδένα ποιήσασθαι Ἕλληνας δὲ Λακεδαιμονίης εἵνεκεν γυναικὸς στόλον μέγαν συναγεῖραι καὶ ἔπειτα ἐλθόντας ἐς τὴν Ἀσίην τὴν Πριάμου δύναμιν κατελεῖν
3,Ἴωνάς,Nb,0,ethnic,18,2,κατεστρέψατο μὲν Ἴωνάς τε καὶ Αἰολέας καὶ Δωριέας τοὺς ἐν τῇ Ἀσίῃ
4,Κιμμερίους,A-,0,ethnic,28,10,οὗτος δὲ Κυαξάρῃ τε τῷ Δηιόκεω ἀπογόνῳ ἐπολέμησε καὶ Μήδοισι Κιμμερίους τε ἐκ τῆς Ἀσίης ἐξήλασε Σμύρνην τε τὴν ἀπὸ Κολοφῶνος κτισθεῖσαν εἷλε ἐς Κλαζομενάς τε ἐσέβαλε
5,Ἰώνων,Nb,0,ethnic,36,4,τοῖσι δὲ Μιλησίοισι οὐδαμοὶ Ἰώνων τὸν πόλεμον τοῦτον συνεπελάφρυνον ὅτι μὴ Χῖοι μοῦνοι
6,Χῖοι,Nb,0,ethnic,36,11,τοῖσι δὲ Μιλησίοισι οὐδαμοὶ Ἰώνων τὸν πόλεμον τοῦτον συνεπελάφρυνον ὅτι μὴ Χῖοι μοῦνοι
7,Ἐρυθραίους,A-,0,ethnic,37,10,καὶ γὰρ δὴ πρότερον οἱ Μιλήσιοι τοῖσι Χίοισι τὸν πρὸς Ἐρυθραίους πόλεμον συνδιήνεικαν
8,Ἀλυάττης,Ne,0,place,38,9,μετὰ δὲ τῆς στρατιῆς ἀπικομένης ἐς Σάρδις ἐνόσησε ὁ Ἀλυάττης
9,Ἀλυάττης,Ne,0,place,44,0,Ἀλυάττης δέ ὡς οἱ ταῦτα ἐξαγγέλθη αὐτίκα ἔπεμπε κήρυκα ἐς Μίλητον βουλόμενος σπονδὰς ποιήσασθαι Θρασυβούλῳ τε καὶ Μιλησίοισι χρόνον ὅσον ἂν τὸν νηὸν οἰκοδομέῃ
10,Ἀλυάττης,Ne,0,place,51,0,Ἀλυάττης δὲ ὁ Λυδὸς τὸν πρὸς Μιλησίους πόλεμον διενείκας μετέπειτα τελευτᾷ βασιλεύσας ἔτεα ἑπτὰ καὶ πεντήκοντα
11,Ἀργεῖοι,A-,0,ethnic,65,0,Ἀργεῖοι δὲ σφέων εἰκόνας ποιησάμενοι ἀνέθεσαν ἐς Δελφοὺς ὡς ἀριστῶν γενομένων
12,Φωκέων,Nb,0,place,69,30,μετὰ ὦν τὴν διάνοιαν ταύτην αὐτίκα ἀπεπειρᾶτο τῶν μαντηίων τῶν τε ἐν Ἕλλησι καὶ τοῦ ἐν Λιβύῃ διαπέμψας ἄλλους ἄλλῃ τοὺς μὲν ἐς Δελφοὺς ἰέναι τοὺς δὲ ἐς Ἄβας τὰς Φωκέων τοὺς δὲ ἐς Δωδώνην
13,Λακεδαιμονίοισι,A-,0,ethnic,82,5,ἐπέγραψε δὲ τῶν τις Δελφῶν Λακεδαιμονίοισι βουλόμενος χαρίζεσθαι τοῦ ἐπιστάμενος τὸ οὔνομα οὐκ ἐπιμνήσομαι
14,Λακεδαιμονίους,A-,0,ethnic,90,3,ἱστορέων δὲ εὕρισκε Λακεδαιμονίους καὶ Ἀθηναίους προέχοντας τοὺς μὲν τοῦ Δωρικοῦ γένεος τοὺς δὲ τοῦ Ἰωνικοῦ
15,Πεισίστρατον,Ne,0,place,94,5,γενέσθαι οἱ μετὰ ταῦτα τὸν Πεισίστρατον τοῦτον ὃς στασιαζόντων τῶν παράλων καὶ τῶν ἐκ τοῦ πεδίου Ἀθηναίων καὶ τῶν μὲν προεστεῶτος Μεγακλέος τοῦ Ἀλκμέωνος τῶν δὲ ἐκ τοῦ πεδίου Λυκούργου Ἀριστολαΐδεω καταφρονήσας τὴν τυραννίδα ἤγειρε τρίτην στάσιν
16,Πεισιστράτου,Ne,0,place,95,19,ὁ δὲ δῆμος ὁ τῶν Ἀθηναίων ἐξαπατηθεὶς ἔδωκέ οἱ τῶν ἀστῶν καταλέξας ἄνδρας τούτους οἳ δορυφόροι μὲν οὐκ ἐγένοντο Πεισιστράτου κορυνηφόροι δέ
17,Πεισίστρατον,Ne,0,place,100,3,οἱ δὲ ἀμφὶ Πεισίστρατον ἐσπεσόντες τοὺς Ἀθηναίους τράπουσι
18,Τεγεητέων,Nb,0,ethnic,104,26,τοὺς μέν νυν Ἀθηναίους τοιαῦτα τὸν χρόνον τοῦτον ἐπυνθάνετο ὁ Κροῖσος κατέχοντα τοὺς δὲ Λακεδαιμονίους ἐκ κακῶν τε μεγάλων πεφευγότας καὶ ἐόντας ἤδη τῷ πολέμῳ κατυπερτέρους Τεγεητέων
19,Κρήτης,Ne,0,place,109,15,ὡς δ’ αὐτοὶ Λακεδαιμόνιοι λέγουσι Λυκοῦργον ἐπιτροπεύσαντα Λεωβώτεω ἀδελφιδέου μὲν ἑωυτοῦ βασιλεύοντος δὲ Σπαρτιητέων ἐκ Κρήτης ἀγαγέσθαι ταῦτα
20,Βαβυλωνίους,A-,0,ethnic,124,59,Κροῖσος δὲ μεμφθεὶς κατὰ τὸ πλῆθος τὸ ἑωυτοῦ στράτευμα ἦν γάρ οἱ ὁ συμβαλὼν στρατὸς πολλὸν ἐλάσσων ἢ ὁ Κύρου τοῦτο μεμφθείς ὡς τῇ ὑστεραίῃ οὐκ ἐπειρᾶτο ἐπιὼν ὁ Κῦρος ἀπήλαυνε ἐς τὰς Σάρδις ἐν νόῳ ἔχων παρακαλέσας μὲν Αἰγυπτίους κατὰ τὸ ὅρκιον ἐποιήσατο γὰρ καὶ πρὸς Ἄμασιν βασιλεύοντα Αἰγύπτου συμμαχίην πρότερον ἤ περ πρὸς Λακεδαιμονίους μεταπεμψάμενος δὲ καὶ Βαβυλωνίους καὶ γὰρ πρὸς τούτους αὐτῷ ἐπεποίητο συμμαχίη ἐτυράννευε δὲ τὸν χρόνον τοῦτον τῶν Βαβυλωνίων Λαβύνητος ἐπαγγείλας δὲ καὶ Λακεδαιμονίοισι παρεῖναι ἐς χρόνον ῥητόν
21,Βαβυλωνίων,A-,0,ethnic,124,73,Κροῖσος δὲ μεμφθεὶς κατὰ τὸ πλῆθος τὸ ἑωυτοῦ στράτευμα ἦν γάρ οἱ ὁ συμβαλὼν στρατὸς πολλὸν ἐλάσσων ἢ ὁ Κύρου τοῦτο μεμφθείς ὡς τῇ ὑστεραίῃ οὐκ ἐπειρᾶτο ἐπιὼν ὁ Κῦρος ἀπήλαυνε ἐς τὰς Σάρδις ἐν νόῳ ἔχων παρακαλέσας μὲν Αἰγυπτίους κατὰ τὸ ὅρκιον ἐποιήσατο γὰρ καὶ πρὸς Ἄμασιν βασιλεύοντα Αἰγύπτου συμμαχίην πρότερον ἤ περ πρὸς Λακεδαιμονίους μεταπεμψάμενος δὲ καὶ Βαβυλωνίους καὶ γὰρ πρὸς τούτους αὐτῷ ἐπεποίητο συμμαχίη ἐτυράννευε δὲ τὸν χρόνον τοῦτον τῶν Βαβυλωνίων Λαβύνητος ἐπαγγείλας δὲ καὶ Λακεδαιμονίοισι παρεῖναι ἐς χρόνον ῥητόν
22,Λακεδαιμονίοισι,A-,0,ethnic,124,78,Κροῖσος δὲ μεμφθεὶς κατὰ τὸ πλῆθος τὸ ἑωυτοῦ στράτευμα ἦν γάρ οἱ ὁ συμβαλὼν στρατὸς πολλὸν ἐλάσσων ἢ ὁ Κύρου τοῦτο μεμφθείς ὡς τῇ ὑστεραίῃ οὐκ ἐπειρᾶτο ἐπιὼν ὁ Κῦρος ἀπήλαυνε ἐς τὰς Σάρδις ἐν νόῳ ἔχων παρακαλέσας μὲν Αἰγυπτίους κατὰ τὸ ὅρκιον ἐποιήσατο γὰρ καὶ πρὸς Ἄμασιν βασιλεύοντα Αἰγύπτου συμμαχίην πρότερον ἤ περ πρὸς Λακεδαιμονίους μεταπεμψάμενος δὲ καὶ Βαβυλωνίους καὶ γὰρ πρὸς τούτους αὐτῷ ἐπεποίητο συμμαχίη ἐτυράννευε δὲ τὸν χρόνον τοῦτον τῶν Βαβυλωνίων Λαβύνητος ἐπαγγείλας δὲ καὶ Λακεδαιμονίοισι παρεῖναι ἐς χρόνον ῥητόν
23,Βαβυλωνίων,A-,0,ethnic,149,13,ἓν δὲ ἔργον πολλὸν μέγιστον παρέχεται χωρὶς τῶν τε Αἰγυπτίων ἔργων καὶ τῶν Βαβυλωνίων
24,Ἀσσυρίων,A-,0,ethnic,153,0,Ἀσσυρίων ἀρχόντων τῆς ἄνω Ἀσίης ἐπ’ ἔτεα εἴκοσι καὶ πεντακόσια πρῶτοι ἀπ’ αὐτῶν Μῆδοι ἤρξαντο ἀπίστασθαι καὶ κως οὗτοι περὶ τῆς ἐλευθερίης μαχεσάμενοι τοῖσι Ἀσσυρίοισι ἐγένοντο ἄνδρες ἀγαθοί καὶ ἀπωσάμενοι τὴν δουλοσύνην ἐλευθερώθησαν
25,Ἀσσυρίοισι,A-,0,ethnic,153,24,Ἀσσυρίων ἀρχόντων τῆς ἄνω Ἀσίης ἐπ’ ἔτεα εἴκοσι καὶ πεντακόσια πρῶτοι ἀπ’ αὐτῶν Μῆδοι ἤρξαντο ἀπίστασθαι καὶ κως οὗτοι περὶ τῆς ἐλευθερίης μαχεσάμενοι τοῖσι Ἀσσυρίοισι ἐγένοντο ἄνδρες ἀγαθοί καὶ ἀπωσάμενοι τὴν δουλοσύνην ἐλευθερώθησαν
26,Ἀσσυρίους,A-,0,ethnic,155,23,μετὰ δὲ ἔχων δύο ταῦτα ἔθνεα καὶ ἀμφότερα ἰσχυρά κατεστρέφετο τὴν Ἀσίην ἀπ’ ἄλλου ἐπ’ ἄλλο ἰὼν ἔθνος ἐς ὃ στρατευσάμενος ἐπὶ τοὺς Ἀσσυρίους καὶ Ἀσσυρίων τούτους οἳ Νίνον εἶχον καὶ ἦρχον πρότερον πάντων τότε δὲ ἦσαν μεμουνωμένοι μὲν συμμάχων ἅτε ἀπεστεώτων ἄλλως μέντοι ἑωυτῶν εὖ ἥκοντες ἐπὶ τούτους δὴ στρατευσάμενος ὁ Φραόρτης αὐτός τε διεφθάρη ἄρξας δύο καὶ εἴκοσι ἔτεα καὶ ὁ στρατὸς αὐτοῦ ὁ πολλός
27,Κιμμερίους,A-,0,ethnic,158,6,οἳ ἐσέβαλον μὲν ἐς τὴν Ἀσίην Κιμμερίους ἐκβαλόντες ἐκ τῆς Εὐρώπης
28,Ἴωνες,Nb,0,ethnic,171,0,Ἴωνες δὲ καὶ Αἰολέες ὡς οἱ Λυδοὶ τάχιστα κατεστράφατο ὑπὸ Περσέων ἔπεμπον ἀγγέλους ἐς Σάρδις παρὰ Κῦρον ἐθέλοντες ἐπὶ τοῖσι αὐτοῖσι εἶναι τοῖσι καὶ Κροίσῳ ἦσαν κατήκοοι
29,Ἴωνες,Nb,0,ethnic,172,0,Ἴωνες δὲ ὡς ἤκουσαν τούτων ἀνενειχθέντων ἐς τὰς πόλιας τείχεά τε περιεβάλοντο ἕκαστοι καὶ συνελέγοντο ἐς Πανιώνιον οἱ ἄλλοι πλὴν Μιλησίων
30,Ἐρυθραῖοι,A-,0,ethnic,175,4,Χῖοι μέν νυν καὶ Ἐρυθραῖοι κατὰ τὸ αὐτὸ διαλέγονται Σάμιοι δὲ ἐπ’ ἑωυτῶν μοῦνοι
31,Ἰώνων,Nb,0,ethnic,176,4,τούτων δὴ ὦν τῶν Ἰώνων οἱ Μιλήσιοι μὲν ἦσαν ἐν σκέπῃ τοῦ φόβου ὅρκιον ποιησάμενοι τοῖσι δὲ αὐτῶν νησιώτῃσι ἦν δεινὸν οὐδέν
32,Ἴωνες,Nb,0,ethnic,177,4,οἱ μέν νυν ἄλλοι Ἴωνες καὶ οἱ Ἀθηναῖοι ἔφυγον τὸ οὔνομα οὐ βουλόμενοι Ἴωνες κεκλῆσθαι ἀλλὰ καὶ νῦν φαίνονταί μοι οἱ πολλοὶ αὐτῶν ἐπαισχύνεσθαι τῷ οὐνόματι
33,Ἴωνες,Nb,0,ethnic,177,13,οἱ μέν νυν ἄλλοι Ἴωνες καὶ οἱ Ἀθηναῖοι ἔφυγον τὸ οὔνομα οὐ βουλόμενοι Ἴωνες κεκλῆσθαι ἀλλὰ καὶ νῦν φαίνονταί μοι οἱ πολλοὶ αὐτῶν ἐπαισχύνεσθαι τῷ οὐνόματι
34,Ἰώνων,Nb,0,ethnic,178,13,οἱ δὲ αὐτῶν ἀπὸ τοῦ πρυτανηίου τοῦ Ἀθηναίων ὁρμηθέντες καὶ νομίζοντες γενναιότατοι εἶναι Ἰώνων οὗτοι δὲ οὐ γυναῖκας ἠγάγοντο ἐς τὴν ἀποικίην ἀλλὰ Καείρας ἔσχον τῶν ἐφόνευσαν τοὺς γονέας
35,Ἴωνες,Nb,0,ethnic,180,3,εἰσὶ δὲ πάντες Ἴωνες ὅσοι ἀπ’ Ἀθηνέων γεγόνασι καὶ Ἀπατούρια ἄγουσι ὁρτήν
36,Ἴωνες,Nb,0,ethnic,181,19,ἡ δὲ Μυκάλη ἐστὶ τῆς ἠπείρου ἄκρη πρὸς ζέφυρον ἄνεμον κατήκουσα Σάμῳ καταντίον ἐς τὴν συλλεγόμενοι ἀπὸ τῶν πολίων Ἴωνες ἄγεσκον ὁρτὴν τῇ ἔθεντο οὔνομα Πανιώνια
37,Ἰώνων,Nb,0,ethnic,182,5,πεπόνθασι δὲ οὔτι μοῦναι αἱ Ἰώνων ὁρταὶ τοῦτο ἀλλὰ καὶ Ἑλλήνων πάντων ὁμοίως πᾶσαι ἐς τὸ αὐτὸ γράμμα τελευτῶσι κατά περ τῶν Περσέων τὰ οὐνόματα
38,Ἰώνων,Nb,0,ethnic,183,7,ὡς δὲ ἀπίκοντο ἐς τὴν Σπάρτην τῶν Ἰώνων καὶ Αἰολέων οἱ ἄγγελοι κατὰ γὰρ δὴ τάχος ἦν ταῦτα πρησσόμενα εἵλοντο πρὸ πάντων λέγειν τὸν Φωκαέα τῷ οὔνομα ἦν Πύθερμος
39,Λακεδαιμονίων,A-,0,ethnic,185,18,ἀπικόμενοι δὲ οὗτοι ἐς Φώκαιαν ἔπεμπον ἐς Σάρδις σφέων αὐτῶν τὸν δοκιμώτατον τῷ οὔνομα ἦν Λακρίνης ἀπερέοντα Κύρῳ Λακεδαιμονίων ῥῆσιν γῆς τῆς Ἑλλάδος μηδεμίαν πόλιν σιναμωρέειν ὡς αὐτῶν οὐ περιοψομένων
40,Ἴωνας,Nb,0,ethnic,189,34,μετὰ ταῦτα ἐπιτρέψας τὰς μὲν Σάρδις Ταβάλῳ ἀνδρὶ Πέρσῃ τὸν δὲ χρυσὸν τόν τε Κροίσου καὶ τὸν τῶν ἄλλων Λυδῶν Πακτύῃ ἀνδρὶ Λυδῷ κομίζειν ἀπήλαυνε αὐτὸς ἐς Ἀγβάτανα Κροῖσόν τε ἅμα ἀγόμενος καὶ τοὺς Ἴωνας ἐν οὐδενὶ λόγῳ ποιησάμενος τὴν πρώτην εἶναι
41,Ἴωνας,Nb,0,ethnic,190,24,ἡ τε γὰρ Βαβυλών οἱ ἦν ἐμπόδιος καὶ τὸ Βάκτριον ἔθνος καὶ Σάκαι τε καὶ Αἰγύπτιοι ἐπ’ οὓς ἐπεῖχέ τε στρατηλατέειν αὐτός ἐπὶ δὲ Ἴωνας ἄλλον πέμπειν στρατηγόν
42,Πακτύης,Ne,0,place,195,4,τὰ δὲ νῦν παρεόντα Πακτύης γὰρ ἐστὶ ὁ ἀδικέων τῷ σὺ ἐπέτρεψας Σάρδις
43,Πακτύην,Ne,0,place,196,29,καλέσας δὲ Μαζάρεα ἄνδρα Μῆδον ταῦτά τέ οἱ ἐνετείλατο προειπεῖν Λυδοῖσι τὰ ὁ Κροῖσος ὑπετίθετο καὶ πρὸς ἐξανδραποδίσασθαι τοὺς ἄλλους πάντας οἳ μετὰ Λυδῶν ἐπὶ Σάρδις ἐστρατεύσαντο αὐτὸν δὲ Πακτύην πάντως ζῶντα ἀγαγεῖν παρ’ ἑωυτόν
44,Ἀγυλλαῖοι,A-,0,ethnic,200,2,οἱ δὲ Ἀγυλλαῖοι ἐς Δελφοὺς ἔπεμπον βουλόμενοι ἀκέσασθαι τὴν ἁμαρτάδα
45,Ἴωνες,Nb,0,ethnic,201,3,οἱ δ’ ἄλλοι Ἴωνες πλὴν Μιλησίων διὰ μάχης μὲν ἀπίκοντο Ἁρπάγῳ κατά περ οἱ ἐκλιπόντες καὶ ἄνδρες ἐγένοντο ἀγαθοὶ περὶ τῆς ἑωυτοῦ ἕκαστος μαχόμενοι
46,Ἰώνων,Nb,0,ethnic,203,2,κεκακωμένων δὲ Ἰώνων καὶ συλλεγομένων οὐδὲν ἧσσον ἐς τὸ Πανιώνιον πυνθάνομαι γνώμην Βίαντα ἄνδρα Πριηνέα ἀποδέξασθαι Ἴωσι χρησιμωτάτην τῇ εἰ ἐπείθοντο παρεῖχε ἂν σφι εὐδαιμονέειν Ἑλλήνων μάλιστα
47,Ἴωνας,Nb,0,ethnic,204,20,χρηστὴ δὲ καὶ πρὶν ἢ διαφθαρῆναι Ἰωνίην Θάλεω ἀνδρὸς Μιλησίου ἐγένετο τὸ ἀνέκαθεν γένος ἐόντος Φοίνικος ὃς ἐκέλευε ἓν βουλευτήριον Ἴωνας ἐκτῆσθαι τὸ δὲ εἶναι ἐν Τέῳ Τέων γὰρ μέσον εἶναι Ἰωνίης τὰς δὲ ἄλλας πόλιας οἰκεομένας μηδὲν ἧσσον νομίζεσθαι κατά περ εἰ δῆμοι εἶεν
48,Αἰγυπτίῃσι,A-,0,ethnic,210,28,φασὶ δὲ οἱ αὐτοὶ οὗτοι ἐμοὶ μὲν οὐ πιστὰ λέγοντες τὸν θεὸν αὐτὸν φοιτᾶν τε ἐς τὸν νηὸν καὶ ἀμπαύεσθαι ἐπὶ τῆς κλίνης κατά περ ἐν Θήβῃσι τῇσι Αἰγυπτίῃσι κατὰ τὸν αὐτὸν τρόπον ὡς λέγουσι οἱ Αἰγύπτιοι
49,Μασσαγέται,Nb,0,ethnic,220,12,τὸ γὰρ Σκύθας φασὶ Ἕλληνες ποιέειν οὐ Σκύθαι εἰσὶ οἱ ποιέοντες ἀλλὰ Μασσαγέται
50,Κυρηναίοισι,A-,0,ethnic,229,16,ἐπὶ δὲ τοῦ τρίτου Βάττου τοῦ εὐδαίμονος καλεομένου Ἕλληνας πάντας ὥρμησε χρήσασα ἡ Πυθίη πλέειν συνοικήσοντας Κυρηναίοισι Λιβύην
51,Κυρηναίων,A-,0,ethnic,231,30,συλλεχθέντος δὲ ὁμίλου πολλοῦ ἐς τὴν Κυρήνην περιταμνόμενοι γῆν πολλὴν οἱ περίοικοι Λίβυες καὶ ὁ βασιλεὺς αὑτῶν τῷ οὔνομα ἦν Ἀδικράν οἷα τῆς τε χώρης στερισκόμενοι καὶ περιυβριζόμενοι ὑπὸ τῶν Κυρηναίων πέμψαντες ἐς Αἴγυπτον ἔδοσαν σφέας αὐτοὺς Ἀπρίῃ τῷ Αἰγύπτου βασιλέι
52,Κυρηναῖοι,A-,0,ethnic,233,2,οἱ δὲ Κυρηναῖοι ἐκστρατευσάμενοι ἐς Ἴρασα χῶρον καὶ ἐπὶ κρήνην Θέστην συνέβαλόν τε τοῖσι Αἰγυπτίοισι καὶ ἐνίκησαν τῇ συμβολῇ
53,Θέστην,Ne,0,place,233,10,οἱ δὲ Κυρηναῖοι ἐκστρατευσάμενοι ἐς Ἴρασα χῶρον καὶ ἐπὶ κρήνην Θέστην συνέβαλόν τε τοῖσι Αἰγυπτίοισι καὶ ἐνίκησαν τῇ συμβολῇ
54,Κυρηναῖοι,A-,0,ethnic,238,2,οἱ δὲ Κυρηναῖοι πρὸς τὴν καταλαβοῦσαν συμφορὴν ἔπεμπον ἐς Δελφοὺς ἐπειρησομένους ὅντινα τρόπον καταστησάμενοι κάλλιστα ἂν οἰκέοιεν
55,Νασαμώνων,Nb,0,ethnic,267,11,θάπτουσι δὲ τοὺς ἀποθνήσκοντας οἱ νομάδες κατά περ οἱ Ἕλληνες πλὴν Νασαμώνων
56,Ἡρακλέων,A-,0,ethnic,272,8,εἶναι τῆς Λιβύης χῶρόν τε καὶ ἀνθρώπους ἔξω Ἡρακλέων στηλέων κατοικημένους
57,Βαρκαίους,A-,0,ethnic,283,9,ὡς γὰρ δὴ τάχιστα ἐκ τῆς Λιβύης τισαμένη τοὺς Βαρκαίους ἀπενόστησε ἐς τὴν Αἴγυπτον ἀπέθανε κακῶς
58,Παίονας,Nb,0,ethnic,287,9,Δαρεῖον δὲ συνήνεικε πρῆγμα τοιόνδε ἰδόμενον ἐπιθυμῆσαι ἐντείλασθαι Μεγαβάζῳ Παίονας ἑλόντα ἀνασπάστους ποιῆσαι ἐς τὴν Ἀσίην ἐκ τῆς Εὐρώπης
59,Παίονες,Nb,0,ethnic,288,5,ἦν Πίγρης καὶ Μαντύης ἄνδρες Παίονες οἳ ἐπείτε Δαρεῖος διέβη ἐς τὴν Ἀσίην αὐτοὶ ἐθέλοντες Παιόνων τυραννεύειν ἀπικνέονται ἐς Σάρδις ἅμα ἀγόμενοι ἀδελφεὴν μεγάλην τε καὶ εὐειδέα
60,Παιόνων,Nb,0,ethnic,288,15,ἦν Πίγρης καὶ Μαντύης ἄνδρες Παίονες οἳ ἐπείτε Δαρεῖος διέβη ἐς τὴν Ἀσίην αὐτοὶ ἐθέλοντες Παιόνων τυραννεύειν ἀπικνέονται ἐς Σάρδις ἅμα ἀγόμενοι ἀδελφεὴν μεγάλην τε καὶ εὐειδέα
61,Παιόνων,Nb,0,ethnic,292,2,οὕτω δὴ Παιόνων Σιριοπαίονές τε καὶ Παιόπλαι καὶ οἱ μέχρι τῆς Πρασιάδος λίμνης ἐξ ἠθέων ἐξαναστάντες ἤγοντο ἐς τὴν Ἀσίην
62,Σιριοπαίονές,Nb,0,ethnic,292,3,οὕτω δὴ Παιόνων Σιριοπαίονές τε καὶ Παιόπλαι καὶ οἱ μέχρι τῆς Πρασιάδος λίμνης ἐξ ἠθέων ἐξαναστάντες ἤγοντο ἐς τὴν Ἀσίην
63,Παιόνων,Nb,0,ethnic,293,0,Παιόνων μὲν δὴ οἱ χειρωθέντες ἤγοντο ἐς τὴν Ἀσίην
64,Παίονας,Nb,0,ethnic,296,4,Μεγάβαζος δὲ ἄγων τοὺς Παίονας ἀπίκετο ἐπὶ τὸν Ἑλλήσποντον
65,Παίονας,Nb,0,ethnic,298,45,ἅτε δὲ τειχέοντος ἤδη Ἱστιαίου τοῦ Μιλησίου τὴν παρὰ Δαρείου αἰτήσας ἔτυχε μισθὸν δωρεὴν φυλακῆς τῆς σχεδίης ἐόντος δὲ τοῦ χώρου τούτου παρὰ Στρυμόνα ποταμὸν τῷ οὔνομα ἐστὶ Μύρκινος μαθὼν ὁ Μεγάβαζος τὸ ποιεύμενον ἐκ τοῦ Ἱστιαίου ὡς ἦλθε τάχιστα ἐς τὰς Σάρδις ἄγων τοὺς Παίονας ἔλεγε Δαρείῳ τάδε
66,Πάριοι,A-,0,ethnic,305,37,τοῦτο δὲ κατὰ τὸν αὐτὸν χρόνον ἡ Μίλητος αὐτή τε ἑωυτῆς μάλιστα δὴ τότε ἀκμάσασα καὶ δὴ καὶ τῆς Ἰωνίης ἦν πρόσχημα κατύπερθε δὲ τούτων ἐπὶ δύο γενεὰς ἀνδρῶν νοσήσασα ἐς τὰ μάλιστα στάσι μέχρι οὗ μιν Πάριοι κατήρτισαν
67,Πάριοι,A-,0,ethnic,310,0,Πάριοι μέν νυν Μιλησίους οὕτω κατήρτισαν
68,Σούσοισι,Ne,0,place,312,21,τῆς δὲ Μιλήτου ἐτύγχανε ἐπίτροπος ἐὼν Ἀρισταγόρης ὁ Μολπαγόρεω γαμβρός τε ἐὼν καὶ ἀνεψιὸς Ἱστιαίου τοῦ Λυσαγόρεω τὸν ὁ Δαρεῖος ἐν Σούσοισι κατεῖχε
69,Σούσοισι,Ne,0,place,313,13,ὁ γὰρ Ἱστιαῖος τύραννος ἦν Μιλήτου καὶ ἐτύγχανε τοῦτον τὸν χρόνον ἐὼν ἐν Σούσοισι ὅτε οἱ Νάξιοι ἦλθον ξεῖνοι πρὶν ἐόντες τῷ Ἱστιαίῳ
70,Νάξιοι,A-,0,ethnic,313,16,ὁ γὰρ Ἱστιαῖος τύραννος ἦν Μιλήτου καὶ ἐτύγχανε τοῦτον τὸν χρόνον ἐὼν ἐν Σούσοισι ὅτε οἱ Νάξιοι ἦλθον ξεῖνοι πρὶν ἐόντες τῷ Ἱστιαίῳ
71,Ἰάδα,A-,0,place,319,12,παραλαβὼν δὲ ὁ Μεγαβάτης τόν τε Ἀρισταγόρεα ἐκ τῆς Μιλήτου καὶ τὴν Ἰάδα στρατιὴν καὶ τοὺς Ναξίους ἔπλεε πρόφασιν ἐπ’ Ἑλλησπόντου
72,Ναξίους,A-,0,ethnic,319,16,παραλαβὼν δὲ ὁ Μεγαβάτης τόν τε Ἀρισταγόρεα ἐκ τῆς Μιλήτου καὶ τὴν Ἰάδα στρατιὴν καὶ τοὺς Ναξίους ἔπλεε πρόφασιν ἐπ’ Ἑλλησπόντου
73,Λακεδαιμόνιοι,A-,0,ethnic,330,11,ὥστε ὦν οὕτω φρονέων ἐπειδὴ ὅ τε Ἀναξανδρίδης ἀπέθανε καὶ οἱ Λακεδαιμόνιοι χρεώμενοι τῷ νόμῳ ἐστήσαντο βασιλέα τὸν πρεσβύτατον Κλεομένεα ὁ Δωριεὺς δεινόν τε ποιεύμενος καὶ οὐκ ἀξιῶν ὑπὸ Κλεομένεος βασιλεύεσθαι αἰτήσας λεὼν Σπαρτιήτας ἦγε ἐς ἀποικίην οὔτε τῷ ἐν Δελφοῖσι χρηστηρίῳ χρησάμενος ἐς ἥντινα γῆν κτίσων ἴῃ οὔτε ποιήσας οὐδὲν τῶν νομιζομένων
74,Ἰταλίην,Ne,0,place,334,13,παραλαβὼν δὲ Δωριεὺς τὸν στόλον τὸν καὶ ἐς Λιβύην ἦγε ἐκομίζετο παρὰ τὴν Ἰταλίην
75,Εὐρυλέων,Ne,0,place,335,13,συνέπλεον δὲ Δωριέι καὶ ἄλλοι συγκτίσται Σπαρτιητέων Θεσσαλὸς καὶ Παραιβάτης καὶ Κελέης καὶ Εὐρυλέων
76,Μιλήσιε,A-,0,ethnic,342,2,ὦ ξεῖνε Μιλήσιε ἀπαλλάσσεο ἐκ Σπάρτης πρὸ δύντος ἡλίου
77,Πεισιστράτου,Ne,0,place,350,3,ἐπεὶ Ἵππαρχον τὸν Πεισιστράτου Ἱππίεω δὲ τοῦ τυράννου ἀδελφεόν ἰδόντα ὄψιν ἐνυπνίου τῷ ἑωυτοῦ πάθεϊ ἐναργεστάτην κτείνουσι Ἀριστογείτων καὶ Ἁρμόδιος γένος ἐόντες τὰ ἀνέκαθεν Γεφυραῖοι μετὰ ταῦτα ἐτυραννεύοντο Ἀθηναῖοι ἐπ’ ἔτεα τέσσερα οὐδὲν ἧσσον ἀλλὰ καὶ μᾶλλον ἢ πρὸ τοῦ
78,Γεφυραῖοι,A-,0,ethnic,350,24,ἐπεὶ Ἵππαρχον τὸν Πεισιστράτου Ἱππίεω δὲ τοῦ τυράννου ἀδελφεόν ἰδόντα ὄψιν ἐνυπνίου τῷ ἑωυτοῦ πάθεϊ ἐναργεστάτην κτείνουσι Ἀριστογείτων καὶ Ἁρμόδιος γένος ἐόντες τὰ ἀνέκαθεν Γεφυραῖοι μετὰ ταῦτα ἐτυραννεύοντο Ἀθηναῖοι ἐπ’ ἔτεα τέσσερα οὐδὲν ἧσσον ἀλλὰ καὶ μᾶλλον ἢ πρὸ τοῦ
79,Καδμείων,A-,0,ethnic,351,2,ἐνθεῦτεν δὲ Καδμείων πρότερον ἐξαναστάντων ὑπ’ Ἀργείων οἱ Γεφυραῖοι οὗτοι δεύτερα ὑπὸ Βοιωτῶν ἐξαναστάντες ἐτράποντο ἐπ’ Ἀθηνέων
80,Ἀργείων,A-,0,ethnic,351,6,ἐνθεῦτεν δὲ Καδμείων πρότερον ἐξαναστάντων ὑπ’ Ἀργείων οἱ Γεφυραῖοι οὗτοι δεύτερα ὑπὸ Βοιωτῶν ἐξαναστάντες ἐτράποντο ἐπ’ Ἀθηνέων
81,Γεφυραῖοι,A-,0,ethnic,351,8,ἐνθεῦτεν δὲ Καδμείων πρότερον ἐξαναστάντων ὑπ’ Ἀργείων οἱ Γεφυραῖοι οὗτοι δεύτερα ὑπὸ Βοιωτῶν ἐξαναστάντες ἐτράποντο ἐπ’ Ἀθηνέων
82,Γεφυραῖοι,A-,0,ethnic,355,2,οἱ δὲ Γεφυραῖοι ὑπολειφθέντες ὕστερον ὑπὸ Βοιωτῶν ἀναχωρέουσι ἐς Ἀθήνας
83,Ἀμφικτυόνων,Nb,0,ethnic,358,54,Ἱππίεω τυραννεύοντος καὶ ἐμπικραινομένου Ἀθηναίοισι διὰ τὸν Ἱππάρχου θάνατον Ἀλκμεωνίδαι γένος ἐόντες Ἀθηναῖοι καὶ φεύγοντες Πεισιστρατίδας ἐπείτε σφι ἅμα τοῖσι ἄλλοισι Ἀθηναίων φυγάσι πειρωμένοισι κατὰ τὸ ἰσχυρὸν οὐ προεχώρεε κάτοδος ἀλλὰ προσέπταιον μεγάλως πειρώμενοι κατιέναι τε καὶ ἐλευθεροῦν τὰς Ἀθήνας Λειψύδριον τὸ ὑπὲρ Παιονίης τειχίσαντες ἐνθαῦτα οἱ Ἀλκμεωνίδαι πᾶν ἐπὶ τοῖσι Πεισιστρατίδῃσι μηχανώμενοι παρ’ Ἀμφικτυόνων τὸν νηὸν μισθοῦνται τὸν ἐν Δελφοῖσι τὸν νῦν ἐόντα τότε δὲ οὔκω τοῦτον ἐξοικοδομῆσαι
84,Πυθίην,Ne,0,place,359,14,ὡς ὦν δὴ οἱ Ἀθηναῖοι λέγουσι οὗτοι οἱ ἄνδρες ἐν Δελφοῖσι κατήμενοι ἀνέπειθον τὴν Πυθίην χρήμασι ὅκως ἔλθοιεν Σπαρτιητέων ἄνδρες εἴτε ἰδίῳ στόλῳ εἴτε δημοσίῳ χρησόμενοι προφέρειν σφι τὰς Ἀθήνας ἐλευθεροῦν
85,Λακεδαιμόνιοι,A-,0,ethnic,360,0,Λακεδαιμόνιοι δέ ὥς σφι αἰεὶ τὸ αὐτὸ πρόφαντον ἐγίνετο πέμπουσι Ἀγχιμόλιον τὸν Ἀστέρος ἐόντα τῶν ἀστῶν ἄνδρα δόκιμον σὺν στρατῷ ἐξελῶντα Πεισιστρατίδας ἐξ Ἀθηνέων ὅμως καὶ ξεινίους σφι ἐόντας τὰ μάλιστα
86,Πύλιοί,A-,0,ethnic,365,20,μετὰ δὲ ἐξεχώρησαν ἐς Σίγειον τὸ ἐπὶ τῷ Σκαμάνδρῳ ἄρξαντες μὲν Ἀθηναίων ἐπ’ ἔτεα ἕξ τε καὶ τριήκοντα ἐόντες δὲ καὶ οὗτοι ἀνέκαθεν Πύλιοί τε καὶ Νηλεῖδαι ἐκ τῶν αὐτῶν γεγονότες καὶ οἱ ἀμφὶ Κόδρον τε καὶ Μέλανθον οἳ πρότερον ἐπήλυδες ἐόντες ἐγένοντο Ἀθηναίων βασιλέες
87,Ἄδρηστον,Ne,0,place,369,8,ἐλθὼν δὲ ἐς Δελφοὺς ἐχρηστηριάζετο εἰ ἐκβάλοι τὸν Ἄδρηστον
88,Ἴωνας,Nb,0,ethnic,370,21,ὁ δὲ δὴ Ἀθηναῖος Κλεισθένης ἐὼν τοῦ Σικυωνίου τούτου θυγατριδέος καὶ τὸ οὔνομα ἐπὶ τούτου ἔχων δοκέειν ἐμοὶ καὶ οὗτος ὑπεριδὼν Ἴωνας ἵνα μὴ σφίσι αἱ αὐταὶ ἔωσι φυλαὶ καὶ Ἴωσι τὸν ὁμώνυμον Κλεισθένεα ἐμιμήσατο
89,Θῃβαῖοι,A-,0,ethnic,394,0,Θῃβαῖοι δὲ μετὰ ταῦτα ἐς θεὸν ἔπεμπον βουλόμενοι τίσασθαι Ἀθηναίους
90,Θηβαίων,A-,0,ethnic,395,3,πειρησαμένων δὲ τῶν Θηβαίων κατὰ τὴν συμμαχίην τῶν Αἰακιδέων καὶ τρηχέως περιεφθέντων ὑπὸ τῶν Ἀθηναίων αὖτις οἱ Θηβαῖοι πέμψαντες τοὺς μὲν Αἰακίδας σφι ἀπεδίδοσαν
91,Θηβαῖοι,A-,0,ethnic,395,17,πειρησαμένων δὲ τῶν Θηβαίων κατὰ τὴν συμμαχίην τῶν Αἰακιδέων καὶ τρηχέως περιεφθέντων ὑπὸ τῶν Ἀθηναίων αὖτις οἱ Θηβαῖοι πέμψαντες τοὺς μὲν Αἰακίδας σφι ἀπεδίδοσαν
92,Αἰγινῆται,Nb,0,ethnic,396,0,Αἰγινῆται δὲ εὐδαιμονίῃ τε μεγάλῃ ἐπαερθέντες καὶ ἔχθρης παλαιῆς ἀναμνησθέντες ἐχούσης ἐς Ἀθηναίους τότε Θηβαίων δεηθέντων πόλεμον ἀκήρυκτον Ἀθηναίοισι ἐπέφερον
93,Θηβαίων,A-,0,ethnic,396,14,Αἰγινῆται δὲ εὐδαιμονίῃ τε μεγάλῃ ἐπαερθέντες καὶ ἔχθρης παλαιῆς ἀναμνησθέντες ἐχούσης ἐς Ἀθηναίους τότε Θηβαίων δεηθέντων πόλεμον ἀκήρυκτον Ἀθηναίοισι ἐπέφερον
94,Ἐπιδαύριοι,A-,0,ethnic,399,6,περὶ ταύτης ὦν τῆς συμφορῆς οἱ Ἐπιδαύριοι ἐχρέωντο ἐν Δελφοῖσι
95,Ἐπιδαύριοι,A-,0,ethnic,400,3,ἐδέοντο ὦν οἱ Ἐπιδαύριοι Ἀθηναίων ἐλαίην σφι δοῦναι ταμέσθαι ἱρωτάτας δὴ κείνας νομίζοντες εἶναι
96,Ἐπιδαύριοι,A-,0,ethnic,402,6,κλεφθέντων δὲ τῶνδε τῶν ἀγαλμάτων οἱ Ἐπιδαύριοι τοῖσι Ἀθηναίοισι τὰ συνέθεντο οὐκ ἐπετέλεον
97,Ἐπιδαυρίοισι,A-,0,ethnic,403,6,πέμψαντες δὲ οἱ Ἀθηναῖοι ἐμήνιον τοῖσι Ἐπιδαυρίοισι
98,Αἰγινῆται,Nb,0,ethnic,405,2,οἱ δὲ Αἰγινῆται ἔφασαν σφίσι τε καὶ Ἀθηναίοισι εἶναι οὐδὲν πρῆγμα
99,Αἰγινῆται,Nb,0,ethnic,408,0,Αἰγινῆται δὲ οὐ μιῇ νηὶ ἀπικέσθαι Ἀθηναίους
100,Αἰγινῆται,Nb,0,ethnic,411,2,σφέας δὲ Αἰγινῆται λέγουσι πυθομένους τοὺς Ἀθηναίους ὡς μέλλοιεν ἐπὶ σφέας στρατεύεσθαι ἑτοίμους Ἀργείους ποιέεσθαι
101,Ἀργείους,A-,0,ethnic,411,13,σφέας δὲ Αἰγινῆται λέγουσι πυθομένους τοὺς Ἀθηναίους ὡς μέλλοιεν ἐπὶ σφέας στρατεύεσθαι ἑτοίμους Ἀργείους ποιέεσθαι
102,Αἰγιναίην,Ne,0,place,412,7,τούς τε δὴ Ἀθηναίους ἀποβεβάναι ἐς τὴν Αἰγιναίην καὶ ἥκειν βοηθέοντας σφίσι τοὺς Ἀργείους καὶ λαθεῖν τε ἐξ Ἐπιδαύρου διαβάντας ἐς τὴν νῆσον καὶ οὐ προακηκοόσι τοῖσι Ἀθηναίοισι ἐπιπεσεῖν ὑποταμομένους τὸ ἀπὸ τῶν νεῶν ἅμα τε ἐν τούτῳ τὴν βροντήν τε γενέσθαι καὶ τὸν σεισμὸν αὐτοῖσι
103,Ἀργείους,A-,0,ethnic,412,13,τούς τε δὴ Ἀθηναίους ἀποβεβάναι ἐς τὴν Αἰγιναίην καὶ ἥκειν βοηθέοντας σφίσι τοὺς Ἀργείους καὶ λαθεῖν τε ἐξ Ἐπιδαύρου διαβάντας ἐς τὴν νῆσον καὶ οὐ προακηκοόσι τοῖσι Ἀθηναίοισι ἐπιπεσεῖν ὑποταμομένους τὸ ἀπὸ τῶν νεῶν ἅμα τε ἐν τούτῳ τὴν βροντήν τε γενέσθαι καὶ τὸν σεισμὸν αὐτοῖσι
104,Ἀργεῖοι,A-,0,ethnic,414,1,πλὴν Ἀργεῖοι μὲν λέγουσι αὐτῶν τὸ Ἀττικὸν στρατόπεδον διαφθειράντων τὸν ἕνα τοῦτον περιγενέσθαι Ἀθηναῖοι δὲ τοῦ δαιμονίου
105,Ἀργείων,A-,0,ethnic,418,0,Ἀργείων μέν νυν καὶ Αἰγινητέων αἱ γυναῖκες ἐκ τόσου κατ’ ἔριν τὴν Ἀθηναίων περόνας ἔτι καὶ ἐς ἐμὲ ἐφόρεον μέζονας ἢ πρὸ τοῦ
106,Πυθίην,Ne,0,place,422,9,πυθόμενοι γὰρ Λακεδαιμόνιοι τὰ ἐκ τῶν Ἀλκμεωνιδέων ἐς τὴν Πυθίην μεμηχανημένα καὶ τὰ ἐκ τῆς Πυθίης ἐπὶ σφέας τε καὶ τοὺς Πεισιστρατίδας συμφορὴν ἐποιεῦντο διπλῆν ὅτι τε ἄνδρας ξείνους σφίσι ἐόντας ἐξεληλάκεσαν ἐκ τῆς ἐκείνων καὶ ὅτι ταῦτα ποιήσασι χάρις οὐδεμία ἐφαίνετο πρὸς Ἀθηναίων
107,Κορινθίους,A-,0,ethnic,432,11,Ἱππίης δὲ αὐτὸν ἀμείβετο τοὺς αὐτοὺς ἐπικαλέσας θεοὺς ἐκείνῳ ἦ μὲν Κορινθίους μάλιστα πάντων ἐπιποθήσειν Πεισιστρατίδας ὅταν σφι ἥκωσι ἡμέραι αἱ κύριαι ἀνιᾶσθαι ὑπ’ Ἀθηναίων
108,Ἴωνας,Nb,0,ethnic,435,8,καὶ κως ἐν μὲν Σάρδισι οὐκέτι ἐόντας τοὺς Ἴωνας εὑρίσκουσι
109,Ἴωνας,Nb,0,ethnic,436,8,μετὰ δὲ Ἀθηναῖοι μὲν τὸ παράπαν ἀπολιπόντες τοὺς Ἴωνας ἐπικαλεομένου σφέας πολλὰ δι’ ἀγγέλων Ἀρισταγόρεω οὐκ ἔφασαν τιμωρήσειν σφι
110,Ἴωνες,Nb,0,ethnic,437,0,Ἴωνες δὲ τῆς Ἀθηναίων συμμαχίης στερηθέντες οὕτω γάρ σφι ὑπῆρχε πεποιημένα ἐς Δαρεῖον οὐδὲν δὴ ἧσσον τὸν πρὸς βασιλέα πόλεμον ἐσκευάζοντο
111,Ἰώνων,Nb,0,ethnic,438,12,βασιλέι δὲ Δαρείῳ ὡς ἐξαγγέλθη Σάρδις ἁλούσας ἐμπεπρῆσθαι ὑπό τε Ἀθηναίων καὶ Ἰώνων τὸν δὲ ἡγεμόνα γενέσθαι τῆς συλλογῆς ὥστε ταῦτα συνυφανθῆναι τὸν Μιλήσιον Ἀρισταγόρην πρῶτα μὲν λέγεται αὐτόν ὡς ἐπύθετο ταῦτα Ἰώνων οὐδένα λόγον ποιησάμενον εὖ εἰδότα ὡς οὗτοί γε οὐ καταπροΐξονται ἀποστάντες εἰρέσθαι οἵτινες εἶεν οἱ Ἀθηναῖοι
112,Ἰώνων,Nb,0,ethnic,438,32,βασιλέι δὲ Δαρείῳ ὡς ἐξαγγέλθη Σάρδις ἁλούσας ἐμπεπρῆσθαι ὑπό τε Ἀθηναίων καὶ Ἰώνων τὸν δὲ ἡγεμόνα γενέσθαι τῆς συλλογῆς ὥστε ταῦτα συνυφανθῆναι τὸν Μιλήσιον Ἀρισταγόρην πρῶτα μὲν λέγεται αὐτόν ὡς ἐπύθετο ταῦτα Ἰώνων οὐδένα λόγον ποιησάμενον εὖ εἰδότα ὡς οὗτοί γε οὐ καταπροΐξονται ἀποστάντες εἰρέσθαι οἵτινες εἶεν οἱ Ἀθηναῖοι
113,Ἴωνας,Nb,0,ethnic,443,9,ἄνδρας γάρ μοι ἐκ τῆς ἑτέρης ἠπείρου ἐπαγαγών καὶ Ἴωνας σὺν αὐτοῖσι τοὺς δώσοντας ἐμοὶ δίκην τῶν ἐποίησαν τούτους ἀναγνώσας ἅμα ἐκείνοισι ἕπεσθαι Σαρδίων με ἀπεστέρησε
114,Ἰωνίην,Ne,0,place,445,8,νῦν ὦν ὡς τάχος ἄπες με πορευθῆναι ἐς Ἰωνίην ἵνα τοι κεῖνά τε πάντα καταρτίσω ἐς τὸ αὐτὸ καὶ τὸν Μιλήτου ἐπίτροπον τοῦτον τὸν ταῦτα μηχανησάμενον ἐγχειρίθετον παραδῶ
115,Ἴωνες,Nb,0,ethnic,447,3,νηυσὶ μέν νυν Ἴωνες ἄκροι γενόμενοι ταύτην τὴν ἡμέρην ὑπερεβάλοντο τοὺς Φοίνικας καὶ τούτων Σάμιοι ἠρίστευσαν
116,Κυπρίων,A-,0,ethnic,448,18,τετραμμένου δὲ τοῦ στρατοπέδου ἄλλοι τε ἔπεσον πολλοὶ καὶ δὴ καὶ Ὀνήσιλός τε ὁ Χέρσιος ὅς περ τὴν Κυπρίων ἀπόστασιν ἔπρηξε καὶ ὁ Σολίων βασιλεὺς Ἀριστόκυπρος ὁ Φιλοκύπρου Φιλοκύπρου δὲ τούτου τὸν Σόλων ὁ Ἀθηναῖος ἀπικόμενος ἐς Κύπρον ἐν ἔπεσι αἴνεσε τυράννων μάλιστα
117,Σολίων,A-,0,ethnic,448,23,τετραμμένου δὲ τοῦ στρατοπέδου ἄλλοι τε ἔπεσον πολλοὶ καὶ δὴ καὶ Ὀνήσιλός τε ὁ Χέρσιος ὅς περ τὴν Κυπρίων ἀπόστασιν ἔπρηξε καὶ ὁ Σολίων βασιλεὺς Ἀριστόκυπρος ὁ Φιλοκύπρου Φιλοκύπρου δὲ τούτου τὸν Σόλων ὁ Ἀθηναῖος ἀπικόμενος ἐς Κύπρον ἐν ἔπεσι αἴνεσε τυράννων μάλιστα
118,Ἰώνων,Nb,0,ethnic,449,23,Δαυρίσης δὲ ἔχων Δαρείου θυγατέρα καὶ Ὑμαίης τε καὶ Ὀτάνης ἄλλοι Πέρσαι στρατηγοί ἔχοντες καὶ οὗτοι Δαρείου θυγατέρας ἐπιδιώξαντες τοὺς ἐς Σάρδις στρατευσαμένους Ἰώνων καὶ ἐσαράξαντες σφέας ἐς τὰς νέας τῇ μάχῃ ὡς ἐπεκράτησαν τὸ ἐνθεῦτεν ἐπιδιελόμενοι τὰς πόλις ἐπόρθεον
119,Καρίην,Ne,0,place,451,10,ἀποστρέψας ὦν ἐκ τοῦ Ἑλλησπόντου ἤλαυνε τὸν στρατὸν ἐπὶ τὴν Καρίην
120,Πέρσῃσι,Nb,0,ethnic,452,13,κατειληθέντες δὲ ὦν οὗτοι ἐνθαῦτα ἐβουλεύοντο περὶ σωτηρίης ὁκότερα ἢ παραδόντες σφέας αὐτοὺς Πέρσῃσι ἢ ἐκλιπόντες τὸ παράπαν τὴν Ἀσίην ἄμεινον πρήξουσι
121,Ἰώνων,Nb,0,ethnic,455,11,Ὑμαίης δὲ καὶ αὐτὸς ἐὼν τῶν ἐπιδιωξάντων τοὺς ἐς Σάρδις στρατευσαμένους Ἰώνων τραπόμενος ἐς τὸν Προποντίδα εἷλε Κίον τὴν Μυσίην
122,Προποντίδα,Ne,0,place,455,15,Ὑμαίης δὲ καὶ αὐτὸς ἐὼν τῶν ἐπιδιωξάντων τοὺς ἐς Σάρδις στρατευσαμένους Ἰώνων τραπόμενος ἐς τὸν Προποντίδα εἷλε Κίον τὴν Μυσίην
123,Μυσίην,A-,0,ethnic,455,19,Ὑμαίης δὲ καὶ αὐτὸς ἐὼν τῶν ἐπιδιωξάντων τοὺς ἐς Σάρδις στρατευσαμένους Ἰώνων τραπόμενος ἐς τὸν Προποντίδα εἷλε Κίον τὴν Μυσίην
124,Προποντίδα,Ne,0,place,456,15,ταύτην δὲ ἐξελών ὡς ἐπύθετο τὸν Ἑλλήσποντον ἐκλελοιπέναι Δαυρίσην καὶ στρατεύεσθαι ἐπὶ Καρίης καταλιπὼν τὴν Προποντίδα ἐπὶ τὸν Ἑλλήσποντον ἦγε τὸν στρατόν καὶ εἷλε μὲν Αἰολέας πάντας ὅσοι τὴν Ἰλιάδα νέμονται εἷλε δὲ Γέργιθας τοὺς ὑπολειφθέντας τῶν ἀρχαίων Τευκρῶν
125,Ἰλιάδα,Ne,0,place,456,29,ταύτην δὲ ἐξελών ὡς ἐπύθετο τὸν Ἑλλήσποντον ἐκλελοιπέναι Δαυρίσην καὶ στρατεύεσθαι ἐπὶ Καρίης καταλιπὼν τὴν Προποντίδα ἐπὶ τὸν Ἑλλήσποντον ἦγε τὸν στρατόν καὶ εἷλε μὲν Αἰολέας πάντας ὅσοι τὴν Ἰλιάδα νέμονται εἷλε δὲ Γέργιθας τοὺς ὑπολειφθέντας τῶν ἀρχαίων Τευκρῶν
126,Ἰωνίην,Ne,0,place,457,13,Ἀρταφρένης δὲ ὁ Σαρδίων ὕπαρχος καὶ Ὀτάνης ὁ τρίτος στρατηγὸς ἐτάχθησαν ἐπὶ τὴν Ἰωνίην καὶ τὴν προσεχέα Αἰολίδα στρατεύεσθαι
127,Αἰολίδα,Ne,0,place,457,17,Ἀρταφρένης δὲ ὁ Σαρδίων ὕπαρχος καὶ Ὀτάνης ὁ τρίτος στρατηγὸς ἐτάχθησαν ἐπὶ τὴν Ἰωνίην καὶ τὴν προσεχέα Αἰολίδα στρατεύεσθαι
128,Ἰωνίην,Ne,0,place,458,17,ἁλισκομενέων δὲ τῶν πολίων ἦν γὰρ ὡς διέδεξε Ἀρισταγόρης ὁ Μιλήσιος ψυχὴν οὐκ ἄκρος ὃς ταράξας τὴν Ἰωνίην καὶ ἐγκερασάμενος πρήγματα μεγάλα δρησμὸν ἐβούλευε ὁρέων ταῦτα
129,Ἴωνας,Nb,0,ethnic,464,15,ἀπιγμένον δὲ αὐτὸν ἐκ τῶν Σούσων εἴρετο Ἀρταφρένης ὁ Σαρδίων ὕπαρχος κατὰ κοῖόν τι δοκέοι Ἴωνας ἀπεστάναι
130,Πέρσῃσι,Nb,0,ethnic,475,16,ἀπικομένοισι δὲ τούτοισι ἐς τοῦτον τὸν χῶρον καὶ βουλευομένοισι ἔδοξε πεζὸν μὲν στρατὸν μηδένα συλλέγειν ἀντίξοον Πέρσῃσι ἀλλὰ τὰ τείχεα ῥύεσθαι αὐτοὺς Μιλησίους τὸ δὲ ναυτικὸν πληροῦν ὑπολιπομένους μηδεμίαν τῶν νεῶν πληρώσαντας δὲ συλλέγεσθαι τὴν ταχίστην ἐς Λάδην προναυμαχήσοντας τῆς Μιλήτου
131,Περσέων,Nb,0,ethnic,479,16,ὡς δὲ καὶ αὗται ἀπίκατο πρὸς τὴν Μιλησίην καὶ ὁ πεζός σφι ἅπας παρῆν ἐνθαῦτα οἱ Περσέων στρατηγοὶ πυθόμενοι τὸ πλῆθος τῶν Ἰάδων νεῶν καταρρώδησαν μὴ οὐ δυνατοὶ γένωνται ὑπερβαλέσθαι καὶ οὕτω οὔτε τὴν Μίλητον οἷοί τε ἔωσι ἐξελεῖν μὴ οὐκ ἐόντες ναυκράτορες πρός τε Δαρείου κινδυνεύσωσι κακόν τι λαβεῖν
132,Ἰώνων,Nb,0,ethnic,480,4,ταῦτα ἐπιλεγόμενοι συλλέξαντες τῶν Ἰώνων τοὺς τυράννους οἳ ὑπ’ Ἀρισταγόρεω μὲν τοῦ Μιλησίου καταλυθέντες τῶν ἀρχέων ἔφευγον ἐς Μήδους ἐτύγχανον δὲ τότε συστρατευόμενοι ἐπὶ τὴν Μίλητον τούτων τῶν ἀνδρῶν τοὺς παρεόντας συγκαλέσαντες ἔλεγόν σφι τάδε
133,Ἰώνων,Nb,0,ethnic,482,7,μαθόντες δὲ ταῦτα τὰ γινόμενα ἐκ τῶν Ἰώνων οἱ στρατηγοὶ τῶν Σαμίων ἐνθαῦτα δὴ παρ’ Αἰάκεος τοῦ Συλοσῶντος κείνους τοὺς πρότερον ἔπεμπε λόγους ὁ Αἰάκης κελευόντων τῶν Περσέων δεόμενος σφέων ἐκλιπεῖν τὴν Ἰώνων συμμαχίην οἱ Σάμιοι ὦν ὁρῶντες ἐοῦσαν ἅμα μὲν ἀταξίην πολλὴν ἐκ τῶν Ἰώνων ἐδέκοντο τοὺς λόγους
134,Ἰώνων,Nb,0,ethnic,482,32,μαθόντες δὲ ταῦτα τὰ γινόμενα ἐκ τῶν Ἰώνων οἱ στρατηγοὶ τῶν Σαμίων ἐνθαῦτα δὴ παρ’ Αἰάκεος τοῦ Συλοσῶντος κείνους τοὺς πρότερον ἔπεμπε λόγους ὁ Αἰάκης κελευόντων τῶν Περσέων δεόμενος σφέων ἐκλιπεῖν τὴν Ἰώνων συμμαχίην οἱ Σάμιοι ὦν ὁρῶντες ἐοῦσαν ἅμα μὲν ἀταξίην πολλὴν ἐκ τῶν Ἰώνων ἐδέκοντο τοὺς λόγους
135,Ἰώνων,Nb,0,ethnic,482,45,μαθόντες δὲ ταῦτα τὰ γινόμενα ἐκ τῶν Ἰώνων οἱ στρατηγοὶ τῶν Σαμίων ἐνθαῦτα δὴ παρ’ Αἰάκεος τοῦ Συλοσῶντος κείνους τοὺς πρότερον ἔπεμπε λόγους ὁ Αἰάκης κελευόντων τῶν Περσέων δεόμενος σφέων ἐκλιπεῖν τὴν Ἰώνων συμμαχίην οἱ Σάμιοι ὦν ὁρῶντες ἐοῦσαν ἅμα μὲν ἀταξίην πολλὴν ἐκ τῶν Ἰώνων ἐδέκοντο τοὺς λόγους
136,Ἰωνίης,Ne,0,place,484,16,τύραννος δὲ ἐὼν Σάμου ὑπὸ τοὺ Μιλησίου Ἀρισταγόρεω ἀπεστέρητο τὴν ἀρχὴν κατά περ οἱ ἄλλοι τῆς Ἰωνίης τύραννοι
137,Καρχηδονίων,A-,0,ethnic,488,8,ὁρμώμενος δὲ ἐνθεῦτεν ληιστὴς κατεστήκεε Ἑλλήνων μὲν οὐδενός Καρχηδονίων δὲ καὶ Τυρσηνῶν
138,Ἴωνας,Nb,0,ethnic,489,8,οἱ δὲ Πέρσαι ἐπείτε τῇ ναυμαχίῃ ἐνίκων τοὺς Ἴωνας τὴν Μίλητον πολιορκέοντες ἐκ γῆς καὶ θαλάσσης καὶ ὑπορύσσοντες τὰ τείχεα καὶ παντοίας μηχανὰς προσφέροντες αἱρέουσι κατ’ ἄκρης ἕκτῳ ἔτεϊ ἀπὸ τῆς ἀποστάσιος τῆς Ἀρισταγόρεω καὶ ἠνδραποδίσαντο τὴν πόλιν ὥστε συμπεσεῖν τὸ πάθος τῷ χρηστηρίῳ τῷ ἐς Μίλητον γενομένῳ
139,Ἀργείοισι,A-,0,ethnic,490,2,χρεωμένοισι γὰρ Ἀργείοισι ἐν Δελφοῖσι περὶ σωτηρίης τῆς πόλιος τῆς σφετέρης ἐχρήσθη ἐπίκοινον χρηστήριον τὸ μὲν ἐς αὐτοὺς τοὺς Ἀργείους φέρον τὴν δὲ παρενθήκην ἔχρησε ἐς Μιλησίους
140,Ἀργείους,A-,0,ethnic,490,19,χρεωμένοισι γὰρ Ἀργείοισι ἐν Δελφοῖσι περὶ σωτηρίης τῆς πόλιος τῆς σφετέρης ἐχρήσθη ἐπίκοινον χρηστήριον τὸ μὲν ἐς αὐτοὺς τοὺς Ἀργείους φέρον τὴν δὲ παρενθήκην ἔχρησε ἐς Μιλησίους
141,Ἰώνων,Nb,0,ethnic,500,6,τούτων ὦν ἐπικαλεομένων οἱ Σάμιοι μοῦνοι Ἰώνων ἐστάλησαν σὺν δέ σφι Μιλησίων οἱ ἐκπεφευγότες
142,Σικελίην,Ne,0,place,501,4,Σάμιοι γὰρ κομιζόμενοι ἐς Σικελίην ἐγίνοντο ἐν Λοκροῖσι τοῖσι Ἐπιζεφυρίοισι καὶ Ζαγκλαῖοι αὐτοί τε καὶ ὁ βασιλεὺς αὐτῶν τῷ οὔνομα ἦν Σκύθης περικατέατο πόλιν τῶν Σικελῶν ἐξελεῖν βουλόμενοι
143,Ἐπιζεφυρίοισι,A-,0,ethnic,501,9,Σάμιοι γὰρ κομιζόμενοι ἐς Σικελίην ἐγίνοντο ἐν Λοκροῖσι τοῖσι Ἐπιζεφυρίοισι καὶ Ζαγκλαῖοι αὐτοί τε καὶ ὁ βασιλεὺς αὐτῶν τῷ οὔνομα ἦν Σκύθης περικατέατο πόλιν τῶν Σικελῶν ἐξελεῖν βουλόμενοι
144,Ζαγκλαίοισι,A-,0,ethnic,502,11,μαθὼν δὲ ταῦτα ὁ Ῥηγίου τύραννος Ἀναξίλεως τότε ἐὼν διάφορος τοῖσι Ζαγκλαίοισι συμμίξας τοῖσι Σαμίοισι ἀναπείθει ὡς χρεὸν εἴη Καλὴν μὲν ἀκτήν ἐπ’ ἣν ἔπλεον ἐᾶν χαίρειν τὴν δὲ Ζάγκλην σχεῖν ἐοῦσαν ἔρημον ἀνδρῶν
145,Ζαγκλαῖοι,A-,0,ethnic,503,10,πειθομένων δὲ τῶν Σαμίων καὶ σχόντων τὴν Ζάγκλην ἐνθαῦτα οἱ Ζαγκλαῖοι ὡς ἐπύθοντο ἐχομένην τὴν πόλιν ἑωυτῶν ἐβοήθεον αὐτῇ καὶ ἐπεκαλέοντο Ἱπποκράτεα τὸν Γέλης τύραννον
146,Ζαγκλαίους,A-,0,ethnic,504,3,τοὺς δὲ λοιποὺς Ζαγκλαίους κοινολογησάμενος τοῖσι Σαμίοισι καὶ ὅρκους δοὺς καὶ δεξάμενος προέδωκε
147,Ἰώνων,Nb,0,ethnic,514,10,Ἱστιαίῳ δὲ τῷ Μιλησίῳ ἐόντι περὶ Βυζάντιον καὶ συλλαμβάνοντι τὰς Ἰώνων ὁλκάδας ἐκπλεούσας ἐκ τοῦ Πόντου ἐξαγγέλλεται τὰ περὶ τὴν Μίλητον γενόμενα
148,Πόντου,Ne,0,place,514,15,Ἱστιαίῳ δὲ τῷ Μιλησίῳ ἐόντι περὶ Βυζάντιον καὶ συλλαμβάνοντι τὰς Ἰώνων ὁλκάδας ἐκπλεούσας ἐκ τοῦ Πόντου ἐξαγγέλλεται τὰ περὶ τὴν Μίλητον γενόμενα
149,Ἀψινθίων,A-,0,ethnic,526,7,οὗτοι ὦν οἱ Δόλογκοι πιεσθέντες πολέμῳ ὑπὸ Ἀψινθίων ἐς Δελφοὺς ἔπεμψαν τοὺς βασιλέας περὶ τοῦ πολέμου χρησομένους
150,Πυθίης,Ne,0,place,530,4,κελευούσης δὲ καὶ τῆς Πυθίης οὕτω δὴ Μιλτιάδης ὁ Κυψέλου Ὀλύμπια ἀναραιρηκὼς πρότερον τούτων τεθρίππῳ τότε παραλαβὼν Ἀθηναίων πάντα τὸν βουλόμενον μετέχειν τοῦ στόλου ἔπλεε ἅμα τοῖσι Δολόγκοισι καὶ ἔσχε τὴν χώρην
151,Ἴωνας,Nb,0,ethnic,533,13,Ἀρταφρένης ὁ Σαρδίων ὕπαρχος μεταπεμψάμενος ἀγγέλους ἐκ τῶν πολίων συνθήκας σφίσι αὐτοῖσι τοὺς Ἴωνας ἠνάγκασε ποιέεσθαι ἵνα δωσίδικοι εἶεν καὶ μὴ ἀλλήλους φέροιέν τε καὶ ἄγοιεν
152,Ἰωνίην,Ne,0,place,535,10,ὡς δὲ παραπλέων τὴν Ἀσίην ἀπίκετο ὁ Μαρδόνιος ἐς τὴν Ἰωνίην ἐνθαῦτα μέγιστον θῶμα ἐρέω τοῖσι μὴ ἀποδεκομένοισι Ἑλλήνων Περσέων τοῖσι ἑπτὰ Ὀτάνεα γνώμην ἀποδέξασθαι ὡς χρεὸν εἴη δημοκρατέεσθαι Πέρσας τοὺς γὰρ τυράννους τῶν Ἰώνων καταπαύσας πάντας ὁ Μαρδόνιος δημοκρατίας κατίστα ἐς τὰς πόλιας
153,Ἰώνων,Nb,0,ethnic,535,34,ὡς δὲ παραπλέων τὴν Ἀσίην ἀπίκετο ὁ Μαρδόνιος ἐς τὴν Ἰωνίην ἐνθαῦτα μέγιστον θῶμα ἐρέω τοῖσι μὴ ἀποδεκομένοισι Ἑλλήνων Περσέων τοῖσι ἑπτὰ Ὀτάνεα γνώμην ἀποδέξασθαι ὡς χρεὸν εἴη δημοκρατέεσθαι Πέρσας τοὺς γὰρ τυράννους τῶν Ἰώνων καταπαύσας πάντας ὁ Μαρδόνιος δημοκρατίας κατίστα ἐς τὰς πόλιας
154,Λακεδαιμονίοισι,A-,0,ethnic,560,3,νόμος δὲ τοῖσι Λακεδαιμονίοισι κατὰ τῶν βασιλέων τοὺς θανάτους ἐστὶ ὁ αὐτὸς καὶ τοῖσι βαρβάροισι τοῖσι ἐν τῇ Ἀσίῃ
155,Λακεδαιμονίων,A-,0,ethnic,561,4,ἐπεὰν γὰρ ἀποθάνῃ βασιλεὺς Λακεδαιμονίων ἐκ πάσης δεῖ Λακεδαίμονος χωρὶς Σπαρτιητέων ἀριθμῷ τῶν περιοίκων ἀναγκαστοὺς ἐς τὸ κῆδος ἰέναι
156,Αἰγινητέων,Nb,0,ethnic,565,18,τότε δὲ τὸν Κλεομένεα ἐόντα ἐν τῇ Αἰγίνῃ καὶ κοινὰ τῇ Ἑλλάδι ἀγαθὰ προεργαζόμενον ὁ Δημάρητος διέβαλε οὐκ Αἰγινητέων οὕτω κηδόμενος ὡς φθόνῳ καὶ ἄγῃ χρεώμενος
157,Δημαρήτῳ,Ne,0,place,571,9,τότε δὲ ἐκ τῆς Κλεομένεος προθυμίης ὁ Λευτυχίδης κατόμνυται Δημαρήτῳ φὰς αὐτὸν οὐκ ἱκνεομένως βασιλεύειν Σπαρτιητέων οὐκ ἐόντα παῖδα Ἀρίστωνος
158,Δημάρητον,Ne,0,place,572,9,τούτου δὴ ἐπιβατεύων τοῦ ῥήματος ὁ Λευτυχίδης ἀπέφαινε τὸν Δημάρητον οὔτε ἐξ Ἀρίστωνος γεγονότα οὔτε ἱκνευμένως βασιλεύοντα Σπάρτης τοὺς ἐφόρους μάρτυρας παρεχόμενος κείνους οἳ τότε ἐτύγχανον πάρεδροί τε ἐόντες καὶ ἀκούσαντες ταῦτα Ἀρίστωνος
159,Πυθίην,Ne,0,place,574,9,ἀνοίστου δὲ γενομένου ἐκ προνοίης τῆς Κλεομένεος ἐς τὴν Πυθίην ἐνθαῦτα προσποιέεται Κλεομένης Κόβωνα τὸν Ἀριστοφάντου ἄνδρα ἐν Δελφοῖσι δυναστεύοντα μέγιστον
160,Ἀριστοφάντου,Ne,0,place,574,15,ἀνοίστου δὲ γενομένου ἐκ προνοίης τῆς Κλεομένεος ἐς τὴν Πυθίην ἐνθαῦτα προσποιέεται Κλεομένης Κόβωνα τὸν Ἀριστοφάντου ἄνδρα ἐν Δελφοῖσι δυναστεύοντα μέγιστον
161,Ζακύνθιοι,A-,0,ethnic,579,7,μετὰ δέ οὐ γὰρ ἐξεδίδοσαν αὐτὸν οἱ Ζακύνθιοι ἐνθεῦτεν διαβαίνει ἐς τὴν Ἀσίην παρὰ βασιλέα Δαρεῖον
162,Λακεδαιμονίοισι,A-,0,ethnic,580,12,οὕτω ἀπίκετο ἐς τὴν Ἀσίην Δημάρητος καὶ τοιαύτῃ χρησάμενος τύχῃ ἄλλα τε Λακεδαιμονίοισι συχνὰ ἔργοισί τε καὶ γνώμῃσι ἀπολαμπρυνθείς
163,Ὀλυμπιάδα,A-,0,ethnic,581,4,ἐν δὲ δὴ καὶ Ὀλυμπιάδα σφι ἀνελόμενος τεθρίππῳ προσέβαλε μοῦνος τοῦτο πάντων δὴ τῶν γενομένων βασιλέων ἐν Σπάρτῃ ποιήσας
164,Δημαρήτῳ,Ne,0,place,584,11,οὐ μὲν οὐδὲ Λευτυχίδης κατεγήρα ἐν Σπάρτῃ ἀλλὰ τίσιν τοιήνδε τινὰ Δημαρήτῳ ἐξέτισε
165,Αἰγινήτῃσι,Nb,0,ethnic,586,12,ἀγαγόντες δὲ σφέας ἐς γῆν τὴν Ἀττικὴν παραθήκην παρατίθενται ἐς τοὺς ἐχθίστους Αἰγινήτῃσι Ἀθηναίους
166,Δημάρητον,Ne,0,place,587,8,μετὰ δὲ ταῦτα Κλεομένεα ἐπάιστον γενόμενον κακοτεχνήσαντα ἐς Δημάρητον δεῖμα ἔλαβε Σπαρτιητέων καὶ ὑπεξέσχε ἐς Θεσσαλίην
167,Θεσσαλίην,Ne,0,place,587,15,μετὰ δὲ ταῦτα Κλεομένεα ἐπάιστον γενόμενον κακοτεχνήσαντα ἐς Δημάρητον δεῖμα ἔλαβε Σπαρτιητέων καὶ ὑπεξέσχε ἐς Θεσσαλίην
168,Ἀρκαδίην,Ne,0,place,588,5,ἐνθεῦτεν δὲ ἀπικόμενος ἐς τὴν Ἀρκαδίην νεώτερα ἔπρησσε πρήγματα συνιστὰς τοὺς Ἀρκάδας ἐπὶ τῆ Σπάρτῃ ἄλλους τε ὅρκους προσάγων σφι ἦ μὲν ἕψεσθαι σφέας αὐτῷ τῇ ἂν ἐξηγέηται καὶ δὴ καὶ ἐς Νώνακριν πόλιν πρόθυμος ἦν τῶν Ἀρκάδων τοὺς προεστεῶτας ἀγινέων ἐξορκοῦν τὸ Στυγὸς ὕδωρ
169,Πυθίην,Ne,0,place,591,31,ἐκ δὲ τῶν μηρῶν ἔς τε τὰ ἰσχία καὶ τὰς λαπάρας ἐς ὃ ἐς τὴν γαστέρα ἀπίκετο καὶ ταύτην καταχορδεύων ἀπέθανε τρόπῳ τοιούτῳ ὡς μὲν οἱ πολλοὶ λέγουσι Ἐλλήνων ὅτι τὴν Πυθίην ἀνέγνωσε τὰ περὶ Δημαρήτου λέγειν γενόμενα ὡς δὲ Ἀθηναῖοι μοῦνοι λέγουσι διότι ἐς Ἐλευσῖνα ἐσβαλὼν ἔκειρε τὸ τέμενος τῶν θεῶν ὡς δὲ Ἀργεῖοι ὅτι ἐξ ἱροῦ αὐτῶν τοῦ Ἄργου Ἀργείων τοὺς καταφυγόντας ἐκ τῆς μάχης καταγινέων κατέκοπτε καὶ αὐτὸ τὸ ἄλσος ἐν ἀλογίῃ ἔχων ἐνέπρησε
170,Δημαρήτου,Ne,0,place,591,35,ἐκ δὲ τῶν μηρῶν ἔς τε τὰ ἰσχία καὶ τὰς λαπάρας ἐς ὃ ἐς τὴν γαστέρα ἀπίκετο καὶ ταύτην καταχορδεύων ἀπέθανε τρόπῳ τοιούτῳ ὡς μὲν οἱ πολλοὶ λέγουσι Ἐλλήνων ὅτι τὴν Πυθίην ἀνέγνωσε τὰ περὶ Δημαρήτου λέγειν γενόμενα ὡς δὲ Ἀθηναῖοι μοῦνοι λέγουσι διότι ἐς Ἐλευσῖνα ἐσβαλὼν ἔκειρε τὸ τέμενος τῶν θεῶν ὡς δὲ Ἀργεῖοι ὅτι ἐξ ἱροῦ αὐτῶν τοῦ Ἄργου Ἀργείων τοὺς καταφυγόντας ἐκ τῆς μάχης καταγινέων κατέκοπτε καὶ αὐτὸ τὸ ἄλσος ἐν ἀλογίῃ ἔχων ἐνέπρησε
171,Ἀργεῖοι,A-,0,ethnic,591,54,ἐκ δὲ τῶν μηρῶν ἔς τε τὰ ἰσχία καὶ τὰς λαπάρας ἐς ὃ ἐς τὴν γαστέρα ἀπίκετο καὶ ταύτην καταχορδεύων ἀπέθανε τρόπῳ τοιούτῳ ὡς μὲν οἱ πολλοὶ λέγουσι Ἐλλήνων ὅτι τὴν Πυθίην ἀνέγνωσε τὰ περὶ Δημαρήτου λέγειν γενόμενα ὡς δὲ Ἀθηναῖοι μοῦνοι λέγουσι διότι ἐς Ἐλευσῖνα ἐσβαλὼν ἔκειρε τὸ τέμενος τῶν θεῶν ὡς δὲ Ἀργεῖοι ὅτι ἐξ ἱροῦ αὐτῶν τοῦ Ἄργου Ἀργείων τοὺς καταφυγόντας ἐκ τῆς μάχης καταγινέων κατέκοπτε καὶ αὐτὸ τὸ ἄλσος ἐν ἀλογίῃ ἔχων ἐνέπρησε
172,Ἀργείων,A-,0,ethnic,593,35,ἐπείτε δὲ Σπαρτιήτας ἄγων ἀπίκετο ἐπὶ ποταμὸν Ἐρασῖνον ὃς λέγεται ῥέειν ἐκ τῆς Στυμφαλίδος λίμνης τὴν γὰρ δὴ λίμνην ταύτην ἐς χάσμα ἀφανὲς ἐκδιδοῦσαν ἀναφαίνεσθαι ἐν Ἄργεϊ τὸ ἐνθεῦτεν δὲ τὸ ὕδωρ ἤδη τοῦτο ὑπ’ Ἀργείων Ἐρασῖνον καλέεσθαι ἀπικόμενος δ’ ὦν ὁ Κλεομένης ἐπὶ τὸν ποταμὸν τοῦτον ἐσφαγιάζετο αὐτῷ
173,Λακεδαιμονίοισι,A-,0,ethnic,595,6,ὅκως ὁ Σπαρτιήτης κῆρυξ προσημαίνοι τι Λακεδαιμονίοισι ἐποίευν καὶ οἱ Ἀργεῖοι τὸ αὐτὸ τοῦτο
174,Ἀργεῖοι,A-,0,ethnic,595,10,ὅκως ὁ Σπαρτιήτης κῆρυξ προσημαίνοι τι Λακεδαιμονίοισι ἐποίευν καὶ οἱ Ἀργεῖοι τὸ αὐτὸ τοῦτο
175,Θηβαίοισι,A-,0,ethnic,618,13,οἱ δὲ Αἰγινῆται πρὶν τῶν πρότερον ἀδικημάτων δοῦναι δίκας τῶν ἐς Ἀθηναίους ὕβρισαν Θηβαίοισι χαριζόμενοι ἐποίησαν τοιόνδε
176,Πεισίστρατον,Ne,0,place,646,10,τοῦ τὸν πατέρα Κίμωνα τὸν Στησαγόρεω κατέλαβε φυγεῖν ἐξ Ἀθηνέων Πεισίστρατον τὸν Ἱπποκράτεος
177,Λακεδαιμόνιοι,A-,0,ethnic,654,1,ὦ Λακεδαιμόνιοι Ἀθηναῖοι ὑμέων δέονται σφίσι βοηθῆσαι καὶ μὴ περιιδεῖν πόλιν ἀρχαιοτάτην ἐν τοῖσι Ἕλλησι δουλοσύνῃ περιπεσοῦσαν πρὸς ἀνδρῶν βαρβάρων
178,Λακεδαιμόνιοι,A-,0,ethnic,661,3,ταῦτα συνεβούλευον οἱ Λακεδαιμόνιοι οὐ κατὰ τὴν εὐνοίην οὕτω τῶν Πλαταιέων ὡς βουλόμενοι τοὺς Ἀθηναίους ἔχειν πόνους συνεστεῶτας Βοιωτοῖσι
179,Ἀλκμεωνιδέων,Nb,0,ethnic,685,6,αἰτίην δὲ ἔσχε ἐν Ἀθηναίοισι ἐξ Ἀλκμεωνιδέων μηχανῆς αὐτοὺς ταῦτα ἐπινοηθῆναι
180,Ἡρακλείου,A-,0,ethnic,686,23,Ἀθηναῖοι δὲ ὡς ποδῶν εἶχον τάχιστα ἐβοήθεον ἐς τὸ ἄστυ καὶ ἔφθησάν τε ἀπικόμενοι πρὶν ἢ τοὺς βαρβάρους ἥκειν καὶ ἐστρατοπεδεύσαντο ἀπιγμένοι ἐξ Ἡρακλείου τοῦ ἐν Μαραθῶνι ἐν ἄλλῳ Ἡρακλείῳ τῷ ἐν Κυνοσάργεϊ
181,Ἡρακλείῳ,A-,0,ethnic,686,29,Ἀθηναῖοι δὲ ὡς ποδῶν εἶχον τάχιστα ἐβοήθεον ἐς τὸ ἄστυ καὶ ἔφθησάν τε ἀπικόμενοι πρὶν ἢ τοὺς βαρβάρους ἥκειν καὶ ἐστρατοπεδεύσαντο ἀπιγμένοι ἐξ Ἡρακλείου τοῦ ἐν Μαραθῶνι ἐν ἄλλῳ Ἡρακλείῳ τῷ ἐν Κυνοσάργεϊ
182,Δᾶτις,Ne,0,place,690,0,Δᾶτις δὲ πορευόμενος ἅμα τῷ στρατῷ ἐς τὴν Ἀσίην ἐπείτε ἐγένετο ἐν Μυκόνῳ εἶδε ὄψιν ἐν τῷ ὕπνῳ
183,Λακεδαιμονίων,A-,0,ethnic,692,0,Λακεδαιμονίων δὲ ἧκον ἐς τὰς Ἀθήνας δισχίλιοι μετὰ τὴν πανσέληνον ἔχοντες σπουδὴν πολλὴν καταλαβεῖν οὕτω ὥστε τριταῖοι ἐκ Σπάρτης ἐγένοντο ἐν τῇ Ἀττικῇ
184,Λακεδαιμονίοισι,A-,0,ethnic,698,15,Ἀλκμεωνίδαι δὲ ἐμφανέως ἠλευθέρωσαν εἰ δὴ οὗτοί γε ἀληθέως ἦσαν οἱ τὴν Πυθίην ἀναπείσαντες προσημαίνειν Λακεδαιμονίοισι ἐλευθεροῦν τὰς Ἀθήνας ὥς μοι πρότερον δεδήλωται
185,Σικυώνιος,A-,0,ethnic,702,8,μετὰ δὲ γενεῇ δευτέρῃ ὕστερον Κλεισθένης αὐτὴν ὁ Σικυώνιος τύραννος ἐξήειρε ὥστε πολλῷ ὀνομαστοτέρην γενέσθαι ἐν τοῖσι Ἕλλησι ἢ πρότερον ἦν
186,Ὀλυμπίων,A-,0,ethnic,704,0,Ὀλυμπίων ὦν ἐόντων καὶ νικῶν ἐν αὐτοῖσι τεθρίππῳ ὁ Κλεισθένης κήρυγμα ἐποιήσατο ὅστις Ἑλλήνων ἑωυτὸν ἀξιοῖ Κλεισθένεος γαμβρὸν γενέσθαι ἥκειν ἐς ἑξηκοστὴν ἡμέρην ἢ καὶ πρότερον ἐς Σικυῶνα ὡς κυρώσοντος Κλεισθένεος τὸν γάμον ἐν ἐνιαυτῷ ἀπὸ τῆς ἑξηκοστῆς ἀρξαμένου ἡμέρης
187,Ἀργείων,A-,0,ethnic,707,5,ἀπὸ δὲ Πελοποννήσου Φείδωνος τοῦ Ἀργείων τυράννου παῖς Λεωκήδης Φείδωνος δὲ τοῦ τὰ μέτρα ποιήσαντος Πελοποννησίοισι καὶ ὑβρίσαντος μέγιστα δὴ Ἑλλήνων πάντων ὃς ἐξαναστήσας τοὺς Ἠλείων ἀγωνοθέτας αὐτὸς τὸν ἐν Ὀλυμπίῃ ἀγῶνα ἔθηκε
188,Πελοποννησίοισι,A-,0,ethnic,707,15,ἀπὸ δὲ Πελοποννήσου Φείδωνος τοῦ Ἀργείων τυράννου παῖς Λεωκήδης Φείδωνος δὲ τοῦ τὰ μέτρα ποιήσαντος Πελοποννησίοισι καὶ ὑβρίσαντος μέγιστα δὴ Ἑλλήνων πάντων ὃς ἐξαναστήσας τοὺς Ἠλείων ἀγωνοθέτας αὐτὸς τὸν ἐν Ὀλυμπίῃ ἀγῶνα ἔθηκε
189,Ἠλείων,A-,0,ethnic,707,25,ἀπὸ δὲ Πελοποννήσου Φείδωνος τοῦ Ἀργείων τυράννου παῖς Λεωκήδης Φείδωνος δὲ τοῦ τὰ μέτρα ποιήσαντος Πελοποννησίοισι καὶ ὑβρίσαντος μέγιστα δὴ Ἑλλήνων πάντων ὃς ἐξαναστήσας τοὺς Ἠλείων ἀγωνοθέτας αὐτὸς τὸν ἐν Ὀλυμπίῃ ἀγῶνα ἔθηκε
190,Σικυωνίου,A-,0,ethnic,710,21,τούτων δὲ συνοικησάντων γίνεται Κλεισθένης τε ὁ τὰς φυλὰς καὶ τὴν δημοκρατίην Ἀθηναίοισι καταστήσας ἔχων τὸ οὔνομα ἀπὸ τοῦ μητροπάτορος τοῦ Σικυωνίου
191,Θεσσαλίης,Ne,0,place,740,4,τοῦτο μὲν ἀπὸ τῆς Θεσσαλίης παρὰ τῶν Ἀλευαδέων ἀπιγμένοι ἄγγελοι ἐπεκαλέοντο βασιλέα πᾶσαν προθυμίην παρεχόμενοι ἐπὶ τὴν Ἑλλάδα
192,Ἀσσυρίους,A-,0,ethnic,749,15,καὶ γὰρ δεινὸν ἂν εἴη πρῆγμα εἰ Σάκας μὲν καὶ Ἰνδοὺς καὶ Αἰθίοπάς τε καὶ Ἀσσυρίους ἄλλα τε ἔθνεα πολλὰ καὶ μεγάλα ἀδικήσαντα Πέρσας οὐδέν ἀλλὰ δύναμιν προσκτᾶσθαι βουλόμενοι καταστρεψάμενοι δούλους ἔχομεν Ἕλληνας δὲ ὑπάρξαντας ἀδικίης οὐ τιμωρησόμεθα
193,Πόντου,Ne,0,place,786,27,ἐζεύγνυσαν δὲ ὧδε πεντηκοντέρους καὶ τριήρεας συνθέντες ὑπὸ μὲν τὴν πρὸς τοῦ Εὐξείνου πόντου ἑξήκοντά τε καὶ τριηκοσίας ὑπὸ δὲ τὴν ἑτέρην τεσσερεσκαίδεκα καὶ τριηκοσίας τοῦ μὲν Πόντου ἐπικαρσίας τοῦ δὲ Ἑλλησπόντου κατὰ ῥόον ἵνα ἀνακωχεύῃ τὸν τόνον τῶν ὅπλων
194,Πέρσῃσι,Nb,0,ethnic,793,10,Κῦρος ὁ Καμβύσεω Ἰωνίην πᾶσαν πλὴν Ἀθηναίων κατεστρέψατο δασμοφόρον εἶναι Πέρσῃσι
195,Σύριοι,A-,0,ethnic,803,6,οὗτοι δὲ ὑπὸ μὲν Ἑλλήνων καλέονται Σύριοι ὑπὸ δὲ τῶν βαρβάρων Ἀσσύριοι ἐκλήθησαν
196,Ἀραβίων,A-,0,ethnic,804,0,Ἀραβίων δὲ καὶ Αἰθιόπων τῶν ὑπὲρ Αἰγύπτου οἰκημένων ἦρχε Ἀρσάμης ὁ Δαρείου καὶ Ἀρτυστώνης τῆς Κύρου θυγατρός τὴν μάλιστα στέρξας τῶν γυναικῶν Δαρεῖος εἰκὼ χρυσέην σφυρήλατον ἐποιήσατο
197,Ἴωνες,Nb,0,ethnic,821,0,Ἴωνες δὲ ἑκατὸν νέας παρείχοντο ἐσκευασμένοι ὡς Ἕλληνες
198,Ἴωνες,Nb,0,ethnic,822,0,Ἴωνες δὲ ὅσον μὲν χρόνον ἐν Πελοποννήσῳ οἴκεον τὴν νῦν καλεομένην Ἀχαιίην καὶ πρὶν ἢ Δαναόν τε καὶ Ξοῦθον ἀπικέσθαι ἐς Πελοπόννησον ὡς Ἕλληνες λέγουσι ἐκαλέοντο Πελασγοὶ Αἰγιαλέες ἐπὶ δὲ Ἴωνος τοῦ Ξούθου Ἴωνες
199,Ἴωνες,Nb,0,ethnic,822,33,Ἴωνες δὲ ὅσον μὲν χρόνον ἐν Πελοποννήσῳ οἴκεον τὴν νῦν καλεομένην Ἀχαιίην καὶ πρὶν ἢ Δαναόν τε καὶ Ξοῦθον ἀπικέσθαι ἐς Πελοπόννησον ὡς Ἕλληνες λέγουσι ἐκαλέοντο Πελασγοὶ Αἰγιαλέες ἐπὶ δὲ Ἴωνος τοῦ Ξούθου Ἴωνες
200,Ἴωνες,Nb,0,ethnic,824,11,ὕστερον δὲ Ἰωνικὸν ἐκλήθη κατὰ τὸν αὐτὸν λόγον καὶ οἱ δυωδεκαπόλιες Ἴωνες οἱ ἀπ’ Ἀθηνέων
201,Δημάρητον,Ne,0,place,829,11,ὡς δὲ καὶ ταύτας διεξέπλωσε καὶ ἐξέβη ἐκ τῆς νεός μετεπέμψατο Δημάρητον τὸν Ἀρίστωνος συστρατευόμενον αὐτῷ ἐπὶ τὴν Ἑλλάδα
202,Δωρικοὺς,A-,0,ethnic,835,9,αἰνέω μέν νυν πάντας Ἕλληνας τοὺς περὶ ἐκείνους τοὺς Δωρικοὺς χώρους οἰκημένους
203,Λακεδαιμονίων,A-,0,ethnic,836,11,ἔρχομαι δὲ λέξων οὐ περὶ πάντων τούσδε τοὺς λόγους ἀλλὰ περὶ Λακεδαιμονίων μούνων πρῶτα μὲν ὅτι οὐκ ἔστι ὅκως κοτὲ σοὺς δέξονται λόγους δουλοσύνην φέροντας τῇ Ἑλλάδι αὖτις δὲ ὡς ἀντιώσονταί τοι ἐς μάχην καὶ ἢν οἱ ἄλλοι Ἕλληνες πάντες τὰ σὰ φρονέωσι
204,Λακεδαιμονίων,A-,0,ethnic,860,5,ἀχθομένων δὲ καὶ συμφορῇ χρεωμένων Λακεδαιμονίων ἁλίης τε πολλάκις συλλεγομένης καὶ κήρυγμα τοιόνδε ποιευμένων εἴ τις βούλοιτο Λακεδαιμονίων πρὸ τῆς Σπάρτης ἀποθνήσκειν Σπερθίης τε ὁ Ἀνηρίστου καὶ Βοῦλις ὁ Νικόλεω ἄνδρες Σπαρτιῆται φύσι τε γεγονότες εὖ καὶ χρήμασι ἀνήκοντες ἐς τὰ πρῶτα ἐθελονταὶ ὑπέδυσαν ποινὴν τῖσαι Ξέρξῃ τῶν Δαρείου κηρύκων τῶν ἐν Σπάρτῃ ἀπολομένων
205,Λακεδαιμονίων,A-,0,ethnic,860,17,ἀχθομένων δὲ καὶ συμφορῇ χρεωμένων Λακεδαιμονίων ἁλίης τε πολλάκις συλλεγομένης καὶ κήρυγμα τοιόνδε ποιευμένων εἴ τις βούλοιτο Λακεδαιμονίων πρὸ τῆς Σπάρτης ἀποθνήσκειν Σπερθίης τε ὁ Ἀνηρίστου καὶ Βοῦλις ὁ Νικόλεω ἄνδρες Σπαρτιῆται φύσι τε γεγονότες εὖ καὶ χρήμασι ἀνήκοντες ἐς τὰ πρῶτα ἐθελονταὶ ὑπέδυσαν ποινὴν τῖσαι Ξέρξῃ τῶν Δαρείου κηρύκων τῶν ἐν Σπάρτῃ ἀπολομένων
206,Ἀνηρίστου,Ne,0,place,860,25,ἀχθομένων δὲ καὶ συμφορῇ χρεωμένων Λακεδαιμονίων ἁλίης τε πολλάκις συλλεγομένης καὶ κήρυγμα τοιόνδε ποιευμένων εἴ τις βούλοιτο Λακεδαιμονίων πρὸ τῆς Σπάρτης ἀποθνήσκειν Σπερθίης τε ὁ Ἀνηρίστου καὶ Βοῦλις ὁ Νικόλεω ἄνδρες Σπαρτιῆται φύσι τε γεγονότες εὖ καὶ χρήμασι ἀνήκοντες ἐς τὰ πρῶτα ἐθελονταὶ ὑπέδυσαν ποινὴν τῖσαι Ξέρξῃ τῶν Δαρείου κηρύκων τῶν ἐν Σπάρτῃ ἀπολομένων
207,Λακεδαιμόνιοι,A-,0,ethnic,864,5,ὦ βασιλεῦ Μήδων ἔπεμψαν ἡμέας Λακεδαιμόνιοι ἀντὶ τῶν ἐν Σπάρτῃ ἀπολομένων κηρύκων ποινὴν ἐκείνων τίσοντας
208,Πελοποννησίων,A-,0,ethnic,866,7,χρόνῳ δὲ μετέπειτα πολλῷ ἐπηγέρθη κατὰ τὸν Πελοποννησίων καὶ Ἀθηναίων πόλεμον ὡς λέγουσι Λακεδαιμόνιοι
209,Λακεδαιμόνιοι,A-,0,ethnic,866,13,χρόνῳ δὲ μετέπειτα πολλῷ ἐπηγέρθη κατὰ τὸν Πελοποννησίων καὶ Ἀθηναίων πόλεμον ὡς λέγουσι Λακεδαιμόνιοι
210,Λακεδαιμονίων,A-,0,ethnic,867,4,οἳ γὰρ πεμφθέντες ὑπὸ Λακεδαιμονίων ἄγγελοι ἐς τὴν Ἀσίην προδοθέντες δὲ ὑπὸ Σιτάλκεω τοῦ Τήρεω Θρηίκων βασιλέος καὶ Νυμφοδώρου τοῦ Πύθεω ἀνδρὸς Ἀβδηρίτεω ἥλωσαν κατὰ Βισάνθην τὴν ἐν Ἑλλησπόντῳ καὶ ἀπαχθέντες ἐς τὴν Ἀττικὴν ἀπέθανον ὑπὸ Ἀθηναίων μετὰ δὲ αὐτῶν καὶ Ἀριστέας ὁ Ἀδειμάντου Κορίνθιος ἀνήρ
211,Ἀδειμάντου,Ne,0,place,867,43,οἳ γὰρ πεμφθέντες ὑπὸ Λακεδαιμονίων ἄγγελοι ἐς τὴν Ἀσίην προδοθέντες δὲ ὑπὸ Σιτάλκεω τοῦ Τήρεω Θρηίκων βασιλέος καὶ Νυμφοδώρου τοῦ Πύθεω ἀνδρὸς Ἀβδηρίτεω ἥλωσαν κατὰ Βισάνθην τὴν ἐν Ἑλλησπόντῳ καὶ ἀπαχθέντες ἐς τὴν Ἀττικὴν ἀπέθανον ὑπὸ Ἀθηναίων μετὰ δὲ αὐτῶν καὶ Ἀριστέας ὁ Ἀδειμάντου Κορίνθιος ἀνήρ
212,Κορίνθιος,A-,0,ethnic,867,44,οἳ γὰρ πεμφθέντες ὑπὸ Λακεδαιμονίων ἄγγελοι ἐς τὴν Ἀσίην προδοθέντες δὲ ὑπὸ Σιτάλκεω τοῦ Τήρεω Θρηίκων βασιλέος καὶ Νυμφοδώρου τοῦ Πύθεω ἀνδρὸς Ἀβδηρίτεω ἥλωσαν κατὰ Βισάνθην τὴν ἐν Ἑλλησπόντῳ καὶ ἀπαχθέντες ἐς τὴν Ἀττικὴν ἀπέθανον ὑπὸ Ἀθηναίων μετὰ δὲ αὐτῶν καὶ Ἀριστέας ὁ Ἀδειμάντου Κορίνθιος ἀνήρ
213,Σικελίην,Ne,0,place,895,30,μετὰ δὲ πυνθανόμενοι Ξέρξην σὺν τῷ στρατῷ εἶναι ἐν Σάρδισι ἐβουλεύσαντο κατασκόπους πέμπειν ἐς τὴν Ἀσίην τῶν βασιλέος πρηγμάτων ἐς Ἄργος τε ἀγγέλους ὁμαιχμίην συνθησομένους πρὸς τὸν Πέρσην καὶ ἐς Σικελίην ἄλλους πέμπειν παρὰ Γέλωνα τὸν Δεινομένεος ἔς τε Κέρκυραν κελεύσοντας βοηθέειν τῇ Ἑλλάδι καὶ ἐς Κρήτην ἄλλους φρονήσαντες εἴ κως ἕν τε γένοιτο τὸ Ἑλληνικὸν καὶ εἰ συγκύψαντες τὸ αὐτὸ πρήσσοιεν πάντες ὡς δεινῶν ἐπιόντων ὁμοίως πᾶσι Ἕλλησι
214,Κρήτην,Ne,0,place,895,46,μετὰ δὲ πυνθανόμενοι Ξέρξην σὺν τῷ στρατῷ εἶναι ἐν Σάρδισι ἐβουλεύσαντο κατασκόπους πέμπειν ἐς τὴν Ἀσίην τῶν βασιλέος πρηγμάτων ἐς Ἄργος τε ἀγγέλους ὁμαιχμίην συνθησομένους πρὸς τὸν Πέρσην καὶ ἐς Σικελίην ἄλλους πέμπειν παρὰ Γέλωνα τὸν Δεινομένεος ἔς τε Κέρκυραν κελεύσοντας βοηθέειν τῇ Ἑλλάδι καὶ ἐς Κρήτην ἄλλους φρονήσαντες εἴ κως ἕν τε γένοιτο τὸ Ἑλληνικὸν καὶ εἰ συγκύψαντες τὸ αὐτὸ πρήσσοιεν πάντες ὡς δεινῶν ἐπιόντων ὁμοίως πᾶσι Ἕλλησι
215,Πόντου,Ne,0,place,900,10,ἐὼν γὰρ ἐν Ἀβύδῳ ὁ Ξέρξης εἶδε πλοῖα ἐκ τοῦ Πόντου σιταγωγὰ διεκπλώοντα τὸν Ἑλλήσποντον ἔς τε Αἴγιναν καὶ Πελοπόννησον κομιζόμενα
216,Ἀργεῖοι,A-,0,ethnic,907,3,οὕτω δὴ οἱ Ἀργεῖοι φασὶ οὐκ ἀνασχέσθαι τῶν Σπαρτιητέων τὴν πλεονεξίην ἀλλ’ ἑλέσθαι μᾶλλον ὑπὸ τῶν βαρβάρων ἄρχεσθαι ἤ τι ὑπεῖξαι Λακεδαιμονίοισι προειπεῖν τε τοῖσι ἀγγέλοισι πρὸ δύντος ἡλίου ἀπαλλάσσεσθαι ἐκ τῆς Ἀργείων χώρης εἰ δὲ μή περιέψεσθαι ὡς πολεμίους
217,Λακεδαιμονίοισι,A-,0,ethnic,907,21,οὕτω δὴ οἱ Ἀργεῖοι φασὶ οὐκ ἀνασχέσθαι τῶν Σπαρτιητέων τὴν πλεονεξίην ἀλλ’ ἑλέσθαι μᾶλλον ὑπὸ τῶν βαρβάρων ἄρχεσθαι ἤ τι ὑπεῖξαι Λακεδαιμονίοισι προειπεῖν τε τοῖσι ἀγγέλοισι πρὸ δύντος ἡλίου ἀπαλλάσσεσθαι ἐκ τῆς Ἀργείων χώρης εἰ δὲ μή περιέψεσθαι ὡς πολεμίους
218,Ἀργείων,A-,0,ethnic,907,32,οὕτω δὴ οἱ Ἀργεῖοι φασὶ οὐκ ἀνασχέσθαι τῶν Σπαρτιητέων τὴν πλεονεξίην ἀλλ’ ἑλέσθαι μᾶλλον ὑπὸ τῶν βαρβάρων ἄρχεσθαι ἤ τι ὑπεῖξαι Λακεδαιμονίοισι προειπεῖν τε τοῖσι ἀγγέλοισι πρὸ δύντος ἡλίου ἀπαλλάσσεσθαι ἐκ τῆς Ἀργείων χώρης εἰ δὲ μή περιέψεσθαι ὡς πολεμίους
219,Ἀργείους,A-,0,ethnic,909,2,ταῦτα ἀκούσαντας Ἀργείους λέγεται πρῆγμα ποιήσασθαι καὶ παραχρῆμα μὲν οὐδὲν ἐπαγγελλομένους μεταιτέειν ἐπεὶ δὲ σφέας παραλαμβάνειν τοὺς Ἕλληνας οὕτω δὴ ἐπισταμένους ὅτι οὐ μεταδώσουσι τῆς ἀρχῆς Λακεδαιμόνιοι μεταιτέειν ἵνα ἐπὶ προφάσιος ἡσυχίην ἄγωσι
220,Σούσοισι,Ne,0,place,911,2,τυχεῖν ἐν Σούσοισι τοῖσι Μεμνονίοισι ἐόντας ἑτέρου πρήγματος εἵνεκα ἀγγέλους Ἀθηναίων Καλλίην τε τὸν Ἱππονίκου καὶ τοὺς μετὰ τούτου ἀναβάντας
221,Μεμνονίοισι,A-,0,ethnic,911,4,τυχεῖν ἐν Σούσοισι τοῖσι Μεμνονίοισι ἐόντας ἑτέρου πρήγματος εἵνεκα ἀγγέλους Ἀθηναίων Καλλίην τε τὸν Ἱππονίκου καὶ τοὺς μετὰ τούτου ἀναβάντας
222,Ἀργεῖοι,A-,0,ethnic,912,6,ἐπεὶ καὶ ταῦτα λέγεται ὡς ἄρα Ἀργεῖοι ἦσαν οἱ ἐπικαλεσάμενοι τὸν Πέρσην ἐπὶ τὴν Ἑλλάδα ἐπειδή σφι πρὸς τοὺς Λακεδαιμονίους κακῶς ἡ αἰχμὴ ἑστήκεε πᾶν δὴ βουλόμενοι σφίσι εἶναι πρὸ τῆς παρεούσης λύπης
223,Λακεδαιμονίους,A-,0,ethnic,912,19,ἐπεὶ καὶ ταῦτα λέγεται ὡς ἄρα Ἀργεῖοι ἦσαν οἱ ἐπικαλεσάμενοι τὸν Πέρσην ἐπὶ τὴν Ἑλλάδα ἐπειδή σφι πρὸς τοὺς Λακεδαιμονίους κακῶς ἡ αἰχμὴ ἑστήκεε πᾶν δὴ βουλόμενοι σφίσι εἶναι πρὸ τῆς παρεούσης λύπης
224,Συρηκοσίων,A-,0,ethnic,920,16,ἦ κε μέγ’ οἰμώξειε ὁ Πελοπίδης Ἀγαμέμνων πυθόμενος Σπαρτιήτας τὴν ἡγεμονίην ἀπαραιρῆσθαι ὑπὸ Γέλωνός τε καὶ Συρηκοσίων
225,Λακεδαιμονίων,A-,0,ethnic,922,6,φθάσας δὲ ὁ Ἀθηναίων ἄγγελος τὸν Λακεδαιμονίων ἀμείβετό μιν τοῖσιδε
226,Συρηκοσίων,A-,0,ethnic,923,2,ὦ βασιλεῦ Συρηκοσίων οὐκ ἡγεμόνος δεομένη ἡ Ἑλλὰς ἀπέπεμψε ἡμέας πρὸς σέ ἀλλὰ στρατιῆς
227,Συρηκοσίοισι,A-,0,ethnic,926,11,μάτην γὰρ ἂν ὧδε πάραλον Ἑλλήνων στρατὸν πλεῖστον εἴημεν ἐκτημένοι εἰ Συρηκοσίοισι ἐόντες Ἀθηναῖοι συγχωρήσομεν τῆς ἡγεμονίης ἀρχαιότατον μὲν ἔθνος παρεχόμενοι μοῦνοι δὲ ἐόντες οὐ μετανάσται Ἑλλήνων
228,Λακεδαιμονίων,A-,0,ethnic,931,26,Γέλων δὲ πρὸς ταῦτα δείσας μὲν περὶ τοῖσι Ἕλλησι μὴ οὐ δύνωνται τὸν βάρβαρον ὑπερβαλέσθαι δεινὸν δὲ καὶ οὐκ ἀνασχετὸν ποιησάμενος ἐλθὼν ἐς Πελοπόννησον ἄρχεσθαι ὑπὸ Λακεδαιμονίων ἐὼν Σικελίης τύραννος ταύτην μὲν τὴν ὁδὸν ἠμέλησε
229,Σικελίης,Ne,0,place,931,28,Γέλων δὲ πρὸς ταῦτα δείσας μὲν περὶ τοῖσι Ἕλλησι μὴ οὐ δύνωνται τὸν βάρβαρον ὑπερβαλέσθαι δεινὸν δὲ καὶ οὐκ ἀνασχετὸν ποιησάμενος ἐλθὼν ἐς Πελοπόννησον ἄρχεσθαι ὑπὸ Λακεδαιμονίων ἐὼν Σικελίης τύραννος ταύτην μὲν τὴν ὁδὸν ἠμέλησε
230,Κῴων,A-,0,ethnic,933,10,ὁ δὲ Κάδμος οὗτος πρότερον τούτων παραδεξάμενος παρὰ πατρὸς τυραννίδα Κῴων εὖ βεβηκυῖαν ἑκών τε εἶναι καὶ δεινοῦ ἐπιόντος οὐδενὸς ἀλλὰ ὑπὸ δικαιοσύνης ἐς μέσον Κῴοισι καταθεὶς τὴν ἀρχὴν οἴχετο ἐς Σικελίην ἔνθα παρὰ Σαμίων ἔσχε τε καὶ κατοίκησε πόλιν Ζάγκλην τὴν ἐς Μεσσήνην μεταβαλοῦσαν τὸ οὔνομα
231,Κῴοισι,A-,0,ethnic,933,25,ὁ δὲ Κάδμος οὗτος πρότερον τούτων παραδεξάμενος παρὰ πατρὸς τυραννίδα Κῴων εὖ βεβηκυῖαν ἑκών τε εἶναι καὶ δεινοῦ ἐπιόντος οὐδενὸς ἀλλὰ ὑπὸ δικαιοσύνης ἐς μέσον Κῴοισι καταθεὶς τὴν ἀρχὴν οἴχετο ἐς Σικελίην ἔνθα παρὰ Σαμίων ἔσχε τε καὶ κατοίκησε πόλιν Ζάγκλην τὴν ἐς Μεσσήνην μεταβαλοῦσαν τὸ οὔνομα
232,Καρχηδονίων,A-,0,ethnic,937,4,ἔστι δὲ ὑπ’ αὐτῶν Καρχηδονίων ὅδε λόγος λεγόμενος οἰκότι χρεωμένων ὡς οἱ μὲν βάρβαροι τοῖσι Ἕλλησι ἐν τῇ Σικελίῃ ἐμάχοντο ἐξ ἠοῦς ἀρξάμενοι μέχρι δείλης ὀψίης
233,Λακεδαιμονίων,A-,0,ethnic,939,13,μόγις δὲ ἀναχθέντες προσέμιξαν τῇ Πελοποννήσῳ καὶ περὶ Πύλον καὶ Ταίναρον γῆς τῆς Λακεδαιμονίων ἀνεκώχευον τὰς νέας καραδοκέοντες καὶ οὗτοι τὸν πόλεμον τῇ πεσέεται ἀελπτέοντες μὲν τοὺς Ἕλληνας ὑπερβαλέεσθαι δοκέοντες δὲ τὸν Πέρσην κατακρατήσαντα πολλὸν ἄρξειν πάσης τῆς Ἑλλάδος
234,Κρήτην,Ne,0,place,947,3,ἐς δὲ τὴν Κρήτην ἐρημωθεῖσαν ὡς λέγουσι Πραίσιοι ἐσοικίζεσθαι ἄλλους τε ἀνθρώπους καὶ μάλιστα Ἕλληνας
235,Πραίσιοι,A-,0,ethnic,947,7,ἐς δὲ τὴν Κρήτην ἐρημωθεῖσαν ὡς λέγουσι Πραίσιοι ἐσοικίζεσθαι ἄλλους τε ἀνθρώπους καὶ μάλιστα Ἕλληνας
236,Λακεδαιμονίων,A-,0,ethnic,954,2,ἐστρατήγεε δὲ Λακεδαιμονίων μὲν Εὐαίνετος ὁ Καρήνου ἐκ τῶν πολεμάρχων ἀραιρημένος γένεος μέντοι ἐὼν οὐ τοῦ βασιληίου Ἀθηναίων δὲ Θεμιστοκλέης ὁ Νεοκλέος
237,Τροιζηνίην,A-,0,ethnic,970,3,τὴν μὲν δὴ Τροιζηνίην τῆς ἦρχε Πρηξῖνος αὐτίκα αἱρέουσι ἐπισπόμενοι οἱ βάρβαροι καὶ ἔπειτα τῶν ἐπιβατέων αὐτῆς τὸν καλλιστεύοντα ἀγαγόντες ἐπὶ τῆς πρῴρης τῆς νεὸς ἔσφαξαν διαδέξιον ποιεύμενοι τὸν εἷλον τῶν Ἑλλήνων πρῶτον καὶ κάλλιστον
238,Χαλκίδι,Ne,0,place,981,20,κατὰ δὴ τὸ κῆδος τοῦτο οἱ Ἀθηναῖοι ὡς φάτις ὅρμηται συμβαλλόμενοι σφίσι τὸν Βορέην γαμβρὸν εἶναι ναυλοχέοντες τῆς Εὐβοίης ἐν Χαλκίδι ὡς ἔμαθον αὐξόμενον τὸν χειμῶνα ἢ καὶ πρὸ τούτου ἐθύοντό τε καὶ ἐπεκαλέοντο τόν τε Βορέην καὶ τὴν Ὠρειθυίην τιμωρῆσαι σφίσι καὶ διαφθεῖραι τῶν βαρβάρων τὰς νέας ὡς καὶ πρότερον περὶ Ἄθων
239,Ὠρειθυίην,Ne,0,place,981,39,κατὰ δὴ τὸ κῆδος τοῦτο οἱ Ἀθηναῖοι ὡς φάτις ὅρμηται συμβαλλόμενοι σφίσι τὸν Βορέην γαμβρὸν εἶναι ναυλοχέοντες τῆς Εὐβοίης ἐν Χαλκίδι ὡς ἔμαθον αὐξόμενον τὸν χειμῶνα ἢ καὶ πρὸ τούτου ἐθύοντό τε καὶ ἐπεκαλέοντο τόν τε Βορέην καὶ τὴν Ὠρειθυίην τιμωρῆσαι σφίσι καὶ διαφθεῖραι τῶν βαρβάρων τὰς νέας ὡς καὶ πρότερον περὶ Ἄθων
240,Κορινθίων,A-,0,ethnic,987,15,τούτους οἱ Ἕλληνες ἐξιστορήσαντες τὰ ἐβούλοντο πυθέσθαι ἀπὸ τῆς Ξέρξεω στρατιῆς ἀποπέμπουσι δεδεμένους ἐς τὸν Κορινθίων ἰσθμόν
241,Θεσσαλίης,Ne,0,place,988,29,Ξέρξης δὲ καὶ ὁ πεζὸς πορευθεὶς διὰ Θεσσαλίης καὶ Ἀχαιίης ἐσβεβληκὼς ἦν καὶ δὴ τριταῖος ἐς Μηλιέας ἐν Θεσσαλίῃ μὲν ἅμιλλαν ποιησάμενος ἵππων τῶν τε ἑωυτοῦ ἀποπειρώμενος καὶ τῆς Θεσσαλίης ἵππου πυθόμενος ὡς ἀρίστη εἴη τῶν ἐν Ἕλλησι
242,Ἀρκαδίης,Ne,0,place,991,27,ἦσαν δὲ οἵδε Ἑλλήνων οἱ ὑπομένοντες τὸν Πέρσην ἐν τούτῳ τῷ χώρῳ Σπαρτιητέων τε τριηκόσιοι ὁπλῖται καὶ Τεγεητέων καὶ Μαντινέων χίλιοι ἡμίσεες ἑκατέρων ἐξ Ὀρχομενοῦ τε τῆς Ἀρκαδίης εἴκοσι καὶ ἑκατόν καὶ ἐκ τῆς λοιπῆς Ἀρκαδίης χίλιοι
243,Λακεδαιμόνιος,A-,0,ethnic,994,9,ὁ δὲ θωμαζόμενος μάλιστα καὶ παντὸς τοῦ στρατεύματος ἡγεόμενος Λακεδαιμόνιος ἦν Λεωνίδης ὁ Ἀναξανδρίδεω τοῦ Λέοντος τοῦ Εὐρυκρατίδεω τοῦ Ἀναξάνδρου τοῦ Εὐρυκράτεος τοῦ Πολυδώρου τοῦ Ἀλκαμένεος τοῦ Τηλέκλου τοῦ Ἀρχέλεω τοῦ Ἡγησίλεω τοῦ Δορύσσου τοῦ Λεωβώτεω τοῦ Ἐχεστράτου τοῦ Ἤγιος τοῦ Εὐρυσθένεος τοῦ Ἀριστοδήμου τοῦ Ἀριστομάχου τοῦ Κλεοδαίου τοῦ Ὕλλου τοῦ Ἡρακλέος κτησάμενος τὴν βασιληίην ἐν Σπάρτῃ ἐξ ἀπροσδοκήτου
244,Θερμοπύλῃσι,Ne,0,place,1009,3,τοῖσι δὲ ἐν Θερμοπύλῃσι Ἑλλήνων πρῶτον μὲν ὁ μάντις Μεγιστίης ἐσιδὼν ἐς τὰ ἱρὰ ἔφρασε τὸν μέλλοντα ἔσεσθαι ἅμα ἠοῖ σφι θάνατον
245,Πυθίης,Ne,0,place,1013,4,ἐκέχρηστο γὰρ ὑπὸ τῆς Πυθίης τοῖσι Σπαρτιήτῃσι χρεωμένοισι περὶ τοῦ πολέμου τούτου αὐτίκα κατ’ ἀρχὰς ἐγειρομένου ἢ Λακεδαίμονα ἀνάστατον γενέσθαι ὑπὸ τῶν βαρβάρων ἢ τὴν βασιλέα σφέων ἀπολέσθαι
246,Λακεδαιμονίων,A-,0,ethnic,1018,17,Ξέρξεώ τε δὴ δύο ἀδελφεοὶ ἐνθαῦτα πίπτουσι μαχόμενοι καὶ ὑπὲρ τοῦ νεκροῦ τοῦ Λεωνίδεω Περσέων τε καὶ Λακεδαιμονίων ὠθισμὸς ἐγίνετο πολλός ἐς ὃ τοῦτόν τε ἀρετῇ οἱ Ἕλληνες ὑπεξείρυσαν καὶ ἐτρέψαντο τοὺς ἐναντίους τετράκις
247,Λακεδαιμονίων,A-,0,ethnic,1020,0,Λακεδαιμονίων δὲ καὶ Θεσπιέων τοιούτων γενομένων ὅμως λέγεται ἀνὴρ ἄριστος γενέσθαι Σπαρτιήτης Διηνέκης
248,Θηβαῖοι,A-,0,ethnic,1027,2,οἱ δὲ Θηβαῖοι τῶν ὁ Λεοντιάδης ἐστρατήγεε τέως μὲν μετὰ τῶν Ἑλλήνων ἐόντες ἐμάχοντο ὑπ’ ἀναγκαίης ἐχόμενοι πρὸς τὴν βασιλέος στρατιήν
249,Χίλων,Ne,0,place,1031,11,ἔστι δὲ ἐπ’ αὐτῇ νῆσος ἐπικειμένη τῇ οὔνομα ἐστὶ Κύθηρα τὴν Χίλων ἀνὴρ παρ’ ἡμῖν σοφώτατος γενόμενος κέρδος μέζον ἂν ἔφη εἶναι Σπαρτιήτῃσι κατὰ τῆς θαλάσσης καταδεδυκέναι μᾶλλον ἢ ὑπερέχειν αἰεί τι προσδοκῶν ἀπ’ αὐτῆς τοιοῦτο ἔσεσθαι οἷόν τοι ἐγὼ ἐξηγέομαι οὔτι τὸν σὸν στόλον προειδώς ἀλλὰ πάντα ὁμοίως φοβεόμενος ἀνδρῶν στόλον
250,Λακεδαιμονίοισι,A-,0,ethnic,1036,17,ἐπείτε γὰρ Ξέρξῃ ἔδοξε στρατηλατέειν ἐπὶ τὴν Ἑλλάδα ἐὼν ἐν Σούσοισι ὁ Δημάρητος καὶ πυθόμενος ταῦτα ἠθέλησε Λακεδαιμονίοισι ἐξαγγεῖλαι
251,Σικυώνιοι,A-,0,ethnic,1040,12,καὶ Χαλκιδέες ἐπλήρουν εἴκοσι Ἀθηναίων σφι παρεχόντων τὰς νέας Αἰγινῆται δὲ ὀκτωκαίδεκα Σικυώνιοι δὲ δυοκαίδεκα Λακεδαιμόνιοι δὲ δέκα Ἐπιδαύριοι δὲ ὀκτώ Ἐρετριέες δὲ ἑπτά Τροιζήνιοι δὲ πέντε Στυρέες δὲ δύο καὶ Κήιοι δύο τε νέας καὶ πεντηκοντέρους δύο
252,Λακεδαιμόνιοι,A-,0,ethnic,1040,15,καὶ Χαλκιδέες ἐπλήρουν εἴκοσι Ἀθηναίων σφι παρεχόντων τὰς νέας Αἰγινῆται δὲ ὀκτωκαίδεκα Σικυώνιοι δὲ δυοκαίδεκα Λακεδαιμόνιοι δὲ δέκα Ἐπιδαύριοι δὲ ὀκτώ Ἐρετριέες δὲ ἑπτά Τροιζήνιοι δὲ πέντε Στυρέες δὲ δύο καὶ Κήιοι δύο τε νέας καὶ πεντηκοντέρους δύο
253,Ἐπιδαύριοι,A-,0,ethnic,1040,18,καὶ Χαλκιδέες ἐπλήρουν εἴκοσι Ἀθηναίων σφι παρεχόντων τὰς νέας Αἰγινῆται δὲ ὀκτωκαίδεκα Σικυώνιοι δὲ δυοκαίδεκα Λακεδαιμόνιοι δὲ δέκα Ἐπιδαύριοι δὲ ὀκτώ Ἐρετριέες δὲ ἑπτά Τροιζήνιοι δὲ πέντε Στυρέες δὲ δύο καὶ Κήιοι δύο τε νέας καὶ πεντηκοντέρους δύο
254,Τροιζήνιοι,A-,0,ethnic,1040,24,καὶ Χαλκιδέες ἐπλήρουν εἴκοσι Ἀθηναίων σφι παρεχόντων τὰς νέας Αἰγινῆται δὲ ὀκτωκαίδεκα Σικυώνιοι δὲ δυοκαίδεκα Λακεδαιμόνιοι δὲ δέκα Ἐπιδαύριοι δὲ ὀκτώ Ἐρετριέες δὲ ἑπτά Τροιζήνιοι δὲ πέντε Στυρέες δὲ δύο καὶ Κήιοι δύο τε νέας καὶ πεντηκοντέρους δύο
255,Κήιοι,A-,0,ethnic,1040,31,καὶ Χαλκιδέες ἐπλήρουν εἴκοσι Ἀθηναίων σφι παρεχόντων τὰς νέας Αἰγινῆται δὲ ὀκτωκαίδεκα Σικυώνιοι δὲ δυοκαίδεκα Λακεδαιμόνιοι δὲ δέκα Ἐπιδαύριοι δὲ ὀκτώ Ἐρετριέες δὲ ἑπτά Τροιζήνιοι δὲ πέντε Στυρέες δὲ δύο καὶ Κήιοι δύο τε νέας καὶ πεντηκοντέρους δύο
256,Εὐβοίης,Ne,0,place,1044,20,ὡς δ’ οὐκ ἔπειθον μεταβάντες τὸν Ἀθηναίων στρατηγὸν πείθουσι Θεμιστοκλέα ἐπὶ μισθῷ τριήκοντα ταλάντοισι ἐπ’ ᾧ τε καταμείναντες πρὸ τῆς Εὐβοίης ποιήσονται τὴν ναυμαχίην
